barcode,array_col,array_row
GCCACATACAAGACTA-1,1,1
GCCACATAGAGCTGAA-1,1,2
GCCACATACTGAGCCA-1,1,3
GCCACATACTGGCATA-1,1,4
GCCACATAGAATCTGA-1,1,5
GCCACATACACTTCGA-1,1,6
GCCACATACAGCGTTA-1,1,7
GCCACATACATACCAA-1,1,8
GCCACATACCAGTTCA-1,1,9
GCCACATAATTGAGGA-1,1,10
GCCACATACAACCACA-1,1,11
GCCACATAGACTAGTA-1,1,12
GCCACATACAATGGAA-1,1,13
GCCACATAAAGGTACA-1,1,14
GCCACATAACACAGAA-1,1,15
GCCACATAACAGCAGA-1,1,16
GCCACATAACCTCCAA-1,1,17
GCCACATAAACAACCA-1,1,18
GCCACATAAACCGAGA-1,1,19
GCCACATAAACGCTTA-1,1,20
GCCACATAAAGACGGA-1,1,21
GCCACATAAACGTGAT-1,1,22
GCCACATAAAACATCG-1,1,23
GCCACATAATGCCTAA-1,1,24
GCCACATAAGTGGTCA-1,1,25
GCCACATAACCACTGT-1,1,26
GCCACATAACATTGGC-1,1,27
GCCACATACAGATCTG-1,1,28
GCCACATACATCAAGT-1,1,29
GCCACATACGCTGATC-1,1,30
GCCACATAACAAGCTA-1,1,31
GCCACATACTGTAGCC-1,1,32
GCCACATAAGTACAAG-1,1,33
GCCACATAACGCTCGA-1,1,34
GCCACATAACGTATCA-1,1,35
GCCACATAACTATGCA-1,1,36
GCCACATAAGAGTCAA-1,1,37
GCCACATAAGATCGCA-1,1,38
GCCACATAAGCAGGAA-1,1,39
GCCACATAAGTCACTA-1,1,40
GCCACATAATCCTGTA-1,1,41
GCCACATACCGAAGTA-1,1,42
GCCACATACCGTGAGA-1,1,43
GCCACATACCTCCTGA-1,1,44
GCCACATACGAACTTA-1,1,45
GCCACATACGACTGGA-1,1,46
GCCACATACGCATACA-1,1,47
GCCACATACTCAATGA-1,1,48
GCCACATAGATAGACA-1,1,49
GCCACATAGCCACATA-1,1,50
GATAGACACAAGACTA-1,2,1
GATAGACAGAGCTGAA-1,2,2
GATAGACACTGAGCCA-1,2,3
GATAGACACTGGCATA-1,2,4
GATAGACAGAATCTGA-1,2,5
GATAGACACACTTCGA-1,2,6
GATAGACACAGCGTTA-1,2,7
GATAGACACATACCAA-1,2,8
GATAGACACCAGTTCA-1,2,9
GATAGACAATTGAGGA-1,2,10
GATAGACACAACCACA-1,2,11
GATAGACAGACTAGTA-1,2,12
GATAGACACAATGGAA-1,2,13
GATAGACAAAGGTACA-1,2,14
GATAGACAACACAGAA-1,2,15
GATAGACAACAGCAGA-1,2,16
GATAGACAACCTCCAA-1,2,17
GATAGACAAACAACCA-1,2,18
GATAGACAAACCGAGA-1,2,19
GATAGACAAACGCTTA-1,2,20
GATAGACAAAGACGGA-1,2,21
GATAGACAAACGTGAT-1,2,22
GATAGACAAAACATCG-1,2,23
GATAGACAATGCCTAA-1,2,24
GATAGACAAGTGGTCA-1,2,25
GATAGACAACCACTGT-1,2,26
GATAGACAACATTGGC-1,2,27
GATAGACACAGATCTG-1,2,28
GATAGACACATCAAGT-1,2,29
GATAGACACGCTGATC-1,2,30
GATAGACAACAAGCTA-1,2,31
GATAGACACTGTAGCC-1,2,32
GATAGACAAGTACAAG-1,2,33
GATAGACAACGCTCGA-1,2,34
GATAGACAACGTATCA-1,2,35
GATAGACAACTATGCA-1,2,36
GATAGACAAGAGTCAA-1,2,37
GATAGACAAGATCGCA-1,2,38
GATAGACAAGCAGGAA-1,2,39
GATAGACAAGTCACTA-1,2,40
GATAGACAATCCTGTA-1,2,41
GATAGACACCGAAGTA-1,2,42
GATAGACACCGTGAGA-1,2,43
GATAGACACCTCCTGA-1,2,44
GATAGACACGAACTTA-1,2,45
GATAGACACGACTGGA-1,2,46
GATAGACACGCATACA-1,2,47
GATAGACACTCAATGA-1,2,48
GATAGACAGATAGACA-1,2,49
GATAGACAGCCACATA-1,2,50
CTCAATGACAAGACTA-1,3,1
CTCAATGAGAGCTGAA-1,3,2
CTCAATGACTGAGCCA-1,3,3
CTCAATGACTGGCATA-1,3,4
CTCAATGAGAATCTGA-1,3,5
CTCAATGACACTTCGA-1,3,6
CTCAATGACAGCGTTA-1,3,7
CTCAATGACATACCAA-1,3,8
CTCAATGACCAGTTCA-1,3,9
CTCAATGAATTGAGGA-1,3,10
CTCAATGACAACCACA-1,3,11
CTCAATGAGACTAGTA-1,3,12
CTCAATGACAATGGAA-1,3,13
CTCAATGAAAGGTACA-1,3,14
CTCAATGAACACAGAA-1,3,15
CTCAATGAACAGCAGA-1,3,16
CTCAATGAACCTCCAA-1,3,17
CTCAATGAAACAACCA-1,3,18
CTCAATGAAACCGAGA-1,3,19
CTCAATGAAACGCTTA-1,3,20
CTCAATGAAAGACGGA-1,3,21
CTCAATGAAACGTGAT-1,3,22
CTCAATGAAAACATCG-1,3,23
CTCAATGAATGCCTAA-1,3,24
CTCAATGAAGTGGTCA-1,3,25
CTCAATGAACCACTGT-1,3,26
CTCAATGAACATTGGC-1,3,27
CTCAATGACAGATCTG-1,3,28
CTCAATGACATCAAGT-1,3,29
CTCAATGACGCTGATC-1,3,30
CTCAATGAACAAGCTA-1,3,31
CTCAATGACTGTAGCC-1,3,32
CTCAATGAAGTACAAG-1,3,33
CTCAATGAACGCTCGA-1,3,34
CTCAATGAACGTATCA-1,3,35
CTCAATGAACTATGCA-1,3,36
CTCAATGAAGAGTCAA-1,3,37
CTCAATGAAGATCGCA-1,3,38
CTCAATGAAGCAGGAA-1,3,39
CTCAATGAAGTCACTA-1,3,40
CTCAATGAATCCTGTA-1,3,41
CTCAATGACCGAAGTA-1,3,42
CTCAATGACCGTGAGA-1,3,43
CTCAATGACCTCCTGA-1,3,44
CTCAATGACGAACTTA-1,3,45
CTCAATGACGACTGGA-1,3,46
CTCAATGACGCATACA-1,3,47
CTCAATGACTCAATGA-1,3,48
CTCAATGAGATAGACA-1,3,49
CTCAATGAGCCACATA-1,3,50
CGCATACACAAGACTA-1,4,1
CGCATACAGAGCTGAA-1,4,2
CGCATACACTGAGCCA-1,4,3
CGCATACACTGGCATA-1,4,4
CGCATACAGAATCTGA-1,4,5
CGCATACACACTTCGA-1,4,6
CGCATACACAGCGTTA-1,4,7
CGCATACACATACCAA-1,4,8
CGCATACACCAGTTCA-1,4,9
CGCATACAATTGAGGA-1,4,10
CGCATACACAACCACA-1,4,11
CGCATACAGACTAGTA-1,4,12
CGCATACACAATGGAA-1,4,13
CGCATACAAAGGTACA-1,4,14
CGCATACAACACAGAA-1,4,15
CGCATACAACAGCAGA-1,4,16
CGCATACAACCTCCAA-1,4,17
CGCATACAAACAACCA-1,4,18
CGCATACAAACCGAGA-1,4,19
CGCATACAAACGCTTA-1,4,20
CGCATACAAAGACGGA-1,4,21
CGCATACAAACGTGAT-1,4,22
CGCATACAAAACATCG-1,4,23
CGCATACAATGCCTAA-1,4,24
CGCATACAAGTGGTCA-1,4,25
CGCATACAACCACTGT-1,4,26
CGCATACAACATTGGC-1,4,27
CGCATACACAGATCTG-1,4,28
CGCATACACATCAAGT-1,4,29
CGCATACACGCTGATC-1,4,30
CGCATACAACAAGCTA-1,4,31
CGCATACACTGTAGCC-1,4,32
CGCATACAAGTACAAG-1,4,33
CGCATACAACGCTCGA-1,4,34
CGCATACAACGTATCA-1,4,35
CGCATACAACTATGCA-1,4,36
CGCATACAAGAGTCAA-1,4,37
CGCATACAAGATCGCA-1,4,38
CGCATACAAGCAGGAA-1,4,39
CGCATACAAGTCACTA-1,4,40
CGCATACAATCCTGTA-1,4,41
CGCATACACCGAAGTA-1,4,42
CGCATACACCGTGAGA-1,4,43
CGCATACACCTCCTGA-1,4,44
CGCATACACGAACTTA-1,4,45
CGCATACACGACTGGA-1,4,46
CGCATACACGCATACA-1,4,47
CGCATACACTCAATGA-1,4,48
CGCATACAGATAGACA-1,4,49
CGCATACAGCCACATA-1,4,50
CGACTGGACAAGACTA-1,5,1
CGACTGGAGAGCTGAA-1,5,2
CGACTGGACTGAGCCA-1,5,3
CGACTGGACTGGCATA-1,5,4
CGACTGGAGAATCTGA-1,5,5
CGACTGGACACTTCGA-1,5,6
CGACTGGACAGCGTTA-1,5,7
CGACTGGACATACCAA-1,5,8
CGACTGGACCAGTTCA-1,5,9
CGACTGGAATTGAGGA-1,5,10
CGACTGGACAACCACA-1,5,11
CGACTGGAGACTAGTA-1,5,12
CGACTGGACAATGGAA-1,5,13
CGACTGGAAAGGTACA-1,5,14
CGACTGGAACACAGAA-1,5,15
CGACTGGAACAGCAGA-1,5,16
CGACTGGAACCTCCAA-1,5,17
CGACTGGAAACAACCA-1,5,18
CGACTGGAAACCGAGA-1,5,19
CGACTGGAAACGCTTA-1,5,20
CGACTGGAAAGACGGA-1,5,21
CGACTGGAAACGTGAT-1,5,22
CGACTGGAAAACATCG-1,5,23
CGACTGGAATGCCTAA-1,5,24
CGACTGGAAGTGGTCA-1,5,25
CGACTGGAACCACTGT-1,5,26
CGACTGGAACATTGGC-1,5,27
CGACTGGACAGATCTG-1,5,28
CGACTGGACATCAAGT-1,5,29
CGACTGGACGCTGATC-1,5,30
CGACTGGAACAAGCTA-1,5,31
CGACTGGACTGTAGCC-1,5,32
CGACTGGAAGTACAAG-1,5,33
CGACTGGAACGCTCGA-1,5,34
CGACTGGAACGTATCA-1,5,35
CGACTGGAACTATGCA-1,5,36
CGACTGGAAGAGTCAA-1,5,37
CGACTGGAAGATCGCA-1,5,38
CGACTGGAAGCAGGAA-1,5,39
CGACTGGAAGTCACTA-1,5,40
CGACTGGAATCCTGTA-1,5,41
CGACTGGACCGAAGTA-1,5,42
CGACTGGACCGTGAGA-1,5,43
CGACTGGACCTCCTGA-1,5,44
CGACTGGACGAACTTA-1,5,45
CGACTGGACGACTGGA-1,5,46
CGACTGGACGCATACA-1,5,47
CGACTGGACTCAATGA-1,5,48
CGACTGGAGATAGACA-1,5,49
CGACTGGAGCCACATA-1,5,50
CGAACTTACAAGACTA-1,6,1
CGAACTTAGAGCTGAA-1,6,2
CGAACTTACTGAGCCA-1,6,3
CGAACTTACTGGCATA-1,6,4
CGAACTTAGAATCTGA-1,6,5
CGAACTTACACTTCGA-1,6,6
CGAACTTACAGCGTTA-1,6,7
CGAACTTACATACCAA-1,6,8
CGAACTTACCAGTTCA-1,6,9
CGAACTTAATTGAGGA-1,6,10
CGAACTTACAACCACA-1,6,11
CGAACTTAGACTAGTA-1,6,12
CGAACTTACAATGGAA-1,6,13
CGAACTTAAAGGTACA-1,6,14
CGAACTTAACACAGAA-1,6,15
CGAACTTAACAGCAGA-1,6,16
CGAACTTAACCTCCAA-1,6,17
CGAACTTAAACAACCA-1,6,18
CGAACTTAAACCGAGA-1,6,19
CGAACTTAAACGCTTA-1,6,20
CGAACTTAAAGACGGA-1,6,21
CGAACTTAAACGTGAT-1,6,22
CGAACTTAAAACATCG-1,6,23
CGAACTTAATGCCTAA-1,6,24
CGAACTTAAGTGGTCA-1,6,25
CGAACTTAACCACTGT-1,6,26
CGAACTTAACATTGGC-1,6,27
CGAACTTACAGATCTG-1,6,28
CGAACTTACATCAAGT-1,6,29
CGAACTTACGCTGATC-1,6,30
CGAACTTAACAAGCTA-1,6,31
CGAACTTACTGTAGCC-1,6,32
CGAACTTAAGTACAAG-1,6,33
CGAACTTAACGCTCGA-1,6,34
CGAACTTAACGTATCA-1,6,35
CGAACTTAACTATGCA-1,6,36
CGAACTTAAGAGTCAA-1,6,37
CGAACTTAAGATCGCA-1,6,38
CGAACTTAAGCAGGAA-1,6,39
CGAACTTAAGTCACTA-1,6,40
CGAACTTAATCCTGTA-1,6,41
CGAACTTACCGAAGTA-1,6,42
CGAACTTACCGTGAGA-1,6,43
CGAACTTACCTCCTGA-1,6,44
CGAACTTACGAACTTA-1,6,45
CGAACTTACGACTGGA-1,6,46
CGAACTTACGCATACA-1,6,47
CGAACTTACTCAATGA-1,6,48
CGAACTTAGATAGACA-1,6,49
CGAACTTAGCCACATA-1,6,50
CCTCCTGACAAGACTA-1,7,1
CCTCCTGAGAGCTGAA-1,7,2
CCTCCTGACTGAGCCA-1,7,3
CCTCCTGACTGGCATA-1,7,4
CCTCCTGAGAATCTGA-1,7,5
CCTCCTGACACTTCGA-1,7,6
CCTCCTGACAGCGTTA-1,7,7
CCTCCTGACATACCAA-1,7,8
CCTCCTGACCAGTTCA-1,7,9
CCTCCTGAATTGAGGA-1,7,10
CCTCCTGACAACCACA-1,7,11
CCTCCTGAGACTAGTA-1,7,12
CCTCCTGACAATGGAA-1,7,13
CCTCCTGAAAGGTACA-1,7,14
CCTCCTGAACACAGAA-1,7,15
CCTCCTGAACAGCAGA-1,7,16
CCTCCTGAACCTCCAA-1,7,17
CCTCCTGAAACAACCA-1,7,18
CCTCCTGAAACCGAGA-1,7,19
CCTCCTGAAACGCTTA-1,7,20
CCTCCTGAAAGACGGA-1,7,21
CCTCCTGAAACGTGAT-1,7,22
CCTCCTGAAAACATCG-1,7,23
CCTCCTGAATGCCTAA-1,7,24
CCTCCTGAAGTGGTCA-1,7,25
CCTCCTGAACCACTGT-1,7,26
CCTCCTGAACATTGGC-1,7,27
CCTCCTGACAGATCTG-1,7,28
CCTCCTGACATCAAGT-1,7,29
CCTCCTGACGCTGATC-1,7,30
CCTCCTGAACAAGCTA-1,7,31
CCTCCTGACTGTAGCC-1,7,32
CCTCCTGAAGTACAAG-1,7,33
CCTCCTGAACGCTCGA-1,7,34
CCTCCTGAACGTATCA-1,7,35
CCTCCTGAACTATGCA-1,7,36
CCTCCTGAAGAGTCAA-1,7,37
CCTCCTGAAGATCGCA-1,7,38
CCTCCTGAAGCAGGAA-1,7,39
CCTCCTGAAGTCACTA-1,7,40
CCTCCTGAATCCTGTA-1,7,41
CCTCCTGACCGAAGTA-1,7,42
CCTCCTGACCGTGAGA-1,7,43
CCTCCTGACCTCCTGA-1,7,44
CCTCCTGACGAACTTA-1,7,45
CCTCCTGACGACTGGA-1,7,46
CCTCCTGACGCATACA-1,7,47
CCTCCTGACTCAATGA-1,7,48
CCTCCTGAGATAGACA-1,7,49
CCTCCTGAGCCACATA-1,7,50
CCGTGAGACAAGACTA-1,8,1
CCGTGAGAGAGCTGAA-1,8,2
CCGTGAGACTGAGCCA-1,8,3
CCGTGAGACTGGCATA-1,8,4
CCGTGAGAGAATCTGA-1,8,5
CCGTGAGACACTTCGA-1,8,6
CCGTGAGACAGCGTTA-1,8,7
CCGTGAGACATACCAA-1,8,8
CCGTGAGACCAGTTCA-1,8,9
CCGTGAGAATTGAGGA-1,8,10
CCGTGAGACAACCACA-1,8,11
CCGTGAGAGACTAGTA-1,8,12
CCGTGAGACAATGGAA-1,8,13
CCGTGAGAAAGGTACA-1,8,14
CCGTGAGAACACAGAA-1,8,15
CCGTGAGAACAGCAGA-1,8,16
CCGTGAGAACCTCCAA-1,8,17
CCGTGAGAAACAACCA-1,8,18
CCGTGAGAAACCGAGA-1,8,19
CCGTGAGAAACGCTTA-1,8,20
CCGTGAGAAAGACGGA-1,8,21
CCGTGAGAAACGTGAT-1,8,22
CCGTGAGAAAACATCG-1,8,23
CCGTGAGAATGCCTAA-1,8,24
CCGTGAGAAGTGGTCA-1,8,25
CCGTGAGAACCACTGT-1,8,26
CCGTGAGAACATTGGC-1,8,27
CCGTGAGACAGATCTG-1,8,28
CCGTGAGACATCAAGT-1,8,29
CCGTGAGACGCTGATC-1,8,30
CCGTGAGAACAAGCTA-1,8,31
CCGTGAGACTGTAGCC-1,8,32
CCGTGAGAAGTACAAG-1,8,33
CCGTGAGAACGCTCGA-1,8,34
CCGTGAGAACGTATCA-1,8,35
CCGTGAGAACTATGCA-1,8,36
CCGTGAGAAGAGTCAA-1,8,37
CCGTGAGAAGATCGCA-1,8,38
CCGTGAGAAGCAGGAA-1,8,39
CCGTGAGAAGTCACTA-1,8,40
CCGTGAGAATCCTGTA-1,8,41
CCGTGAGACCGAAGTA-1,8,42
CCGTGAGACCGTGAGA-1,8,43
CCGTGAGACCTCCTGA-1,8,44
CCGTGAGACGAACTTA-1,8,45
CCGTGAGACGACTGGA-1,8,46
CCGTGAGACGCATACA-1,8,47
CCGTGAGACTCAATGA-1,8,48
CCGTGAGAGATAGACA-1,8,49
CCGTGAGAGCCACATA-1,8,50
CCGAAGTACAAGACTA-1,9,1
CCGAAGTAGAGCTGAA-1,9,2
CCGAAGTACTGAGCCA-1,9,3
CCGAAGTACTGGCATA-1,9,4
CCGAAGTAGAATCTGA-1,9,5
CCGAAGTACACTTCGA-1,9,6
CCGAAGTACAGCGTTA-1,9,7
CCGAAGTACATACCAA-1,9,8
CCGAAGTACCAGTTCA-1,9,9
CCGAAGTAATTGAGGA-1,9,10
CCGAAGTACAACCACA-1,9,11
CCGAAGTAGACTAGTA-1,9,12
CCGAAGTACAATGGAA-1,9,13
CCGAAGTAAAGGTACA-1,9,14
CCGAAGTAACACAGAA-1,9,15
CCGAAGTAACAGCAGA-1,9,16
CCGAAGTAACCTCCAA-1,9,17
CCGAAGTAAACAACCA-1,9,18
CCGAAGTAAACCGAGA-1,9,19
CCGAAGTAAACGCTTA-1,9,20
CCGAAGTAAAGACGGA-1,9,21
CCGAAGTAAACGTGAT-1,9,22
CCGAAGTAAAACATCG-1,9,23
CCGAAGTAATGCCTAA-1,9,24
CCGAAGTAAGTGGTCA-1,9,25
CCGAAGTAACCACTGT-1,9,26
CCGAAGTAACATTGGC-1,9,27
CCGAAGTACAGATCTG-1,9,28
CCGAAGTACATCAAGT-1,9,29
CCGAAGTACGCTGATC-1,9,30
CCGAAGTAACAAGCTA-1,9,31
CCGAAGTACTGTAGCC-1,9,32
CCGAAGTAAGTACAAG-1,9,33
CCGAAGTAACGCTCGA-1,9,34
CCGAAGTAACGTATCA-1,9,35
CCGAAGTAACTATGCA-1,9,36
CCGAAGTAAGAGTCAA-1,9,37
CCGAAGTAAGATCGCA-1,9,38
CCGAAGTAAGCAGGAA-1,9,39
CCGAAGTAAGTCACTA-1,9,40
CCGAAGTAATCCTGTA-1,9,41
CCGAAGTACCGAAGTA-1,9,42
CCGAAGTACCGTGAGA-1,9,43
CCGAAGTACCTCCTGA-1,9,44
CCGAAGTACGAACTTA-1,9,45
CCGAAGTACGACTGGA-1,9,46
CCGAAGTACGCATACA-1,9,47
CCGAAGTACTCAATGA-1,9,48
CCGAAGTAGATAGACA-1,9,49
CCGAAGTAGCCACATA-1,9,50
ATCCTGTACAAGACTA-1,10,1
ATCCTGTAGAGCTGAA-1,10,2
ATCCTGTACTGAGCCA-1,10,3
ATCCTGTACTGGCATA-1,10,4
ATCCTGTAGAATCTGA-1,10,5
ATCCTGTACACTTCGA-1,10,6
ATCCTGTACAGCGTTA-1,10,7
ATCCTGTACATACCAA-1,10,8
ATCCTGTACCAGTTCA-1,10,9
ATCCTGTAATTGAGGA-1,10,10
ATCCTGTACAACCACA-1,10,11
ATCCTGTAGACTAGTA-1,10,12
ATCCTGTACAATGGAA-1,10,13
ATCCTGTAAAGGTACA-1,10,14
ATCCTGTAACACAGAA-1,10,15
ATCCTGTAACAGCAGA-1,10,16
ATCCTGTAACCTCCAA-1,10,17
ATCCTGTAAACAACCA-1,10,18
ATCCTGTAAACCGAGA-1,10,19
ATCCTGTAAACGCTTA-1,10,20
ATCCTGTAAAGACGGA-1,10,21
ATCCTGTAAACGTGAT-1,10,22
ATCCTGTAAAACATCG-1,10,23
ATCCTGTAATGCCTAA-1,10,24
ATCCTGTAAGTGGTCA-1,10,25
ATCCTGTAACCACTGT-1,10,26
ATCCTGTAACATTGGC-1,10,27
ATCCTGTACAGATCTG-1,10,28
ATCCTGTACATCAAGT-1,10,29
ATCCTGTACGCTGATC-1,10,30
ATCCTGTAACAAGCTA-1,10,31
ATCCTGTACTGTAGCC-1,10,32
ATCCTGTAAGTACAAG-1,10,33
ATCCTGTAACGCTCGA-1,10,34
ATCCTGTAACGTATCA-1,10,35
ATCCTGTAACTATGCA-1,10,36
ATCCTGTAAGAGTCAA-1,10,37
ATCCTGTAAGATCGCA-1,10,38
ATCCTGTAAGCAGGAA-1,10,39
ATCCTGTAAGTCACTA-1,10,40
ATCCTGTAATCCTGTA-1,10,41
ATCCTGTACCGAAGTA-1,10,42
ATCCTGTACCGTGAGA-1,10,43
ATCCTGTACCTCCTGA-1,10,44
ATCCTGTACGAACTTA-1,10,45
ATCCTGTACGACTGGA-1,10,46
ATCCTGTACGCATACA-1,10,47
ATCCTGTACTCAATGA-1,10,48
ATCCTGTAGATAGACA-1,10,49
ATCCTGTAGCCACATA-1,10,50
AGTCACTACAAGACTA-1,11,1
AGTCACTAGAGCTGAA-1,11,2
AGTCACTACTGAGCCA-1,11,3
AGTCACTACTGGCATA-1,11,4
AGTCACTAGAATCTGA-1,11,5
AGTCACTACACTTCGA-1,11,6
AGTCACTACAGCGTTA-1,11,7
AGTCACTACATACCAA-1,11,8
AGTCACTACCAGTTCA-1,11,9
AGTCACTAATTGAGGA-1,11,10
AGTCACTACAACCACA-1,11,11
AGTCACTAGACTAGTA-1,11,12
AGTCACTACAATGGAA-1,11,13
AGTCACTAAAGGTACA-1,11,14
AGTCACTAACACAGAA-1,11,15
AGTCACTAACAGCAGA-1,11,16
AGTCACTAACCTCCAA-1,11,17
AGTCACTAAACAACCA-1,11,18
AGTCACTAAACCGAGA-1,11,19
AGTCACTAAACGCTTA-1,11,20
AGTCACTAAAGACGGA-1,11,21
AGTCACTAAACGTGAT-1,11,22
AGTCACTAAAACATCG-1,11,23
AGTCACTAATGCCTAA-1,11,24
AGTCACTAAGTGGTCA-1,11,25
AGTCACTAACCACTGT-1,11,26
AGTCACTAACATTGGC-1,11,27
AGTCACTACAGATCTG-1,11,28
AGTCACTACATCAAGT-1,11,29
AGTCACTACGCTGATC-1,11,30
AGTCACTAACAAGCTA-1,11,31
AGTCACTACTGTAGCC-1,11,32
AGTCACTAAGTACAAG-1,11,33
AGTCACTAACGCTCGA-1,11,34
AGTCACTAACGTATCA-1,11,35
AGTCACTAACTATGCA-1,11,36
AGTCACTAAGAGTCAA-1,11,37
AGTCACTAAGATCGCA-1,11,38
AGTCACTAAGCAGGAA-1,11,39
AGTCACTAAGTCACTA-1,11,40
AGTCACTAATCCTGTA-1,11,41
AGTCACTACCGAAGTA-1,11,42
AGTCACTACCGTGAGA-1,11,43
AGTCACTACCTCCTGA-1,11,44
AGTCACTACGAACTTA-1,11,45
AGTCACTACGACTGGA-1,11,46
AGTCACTACGCATACA-1,11,47
AGTCACTACTCAATGA-1,11,48
AGTCACTAGATAGACA-1,11,49
AGTCACTAGCCACATA-1,11,50
AGCAGGAACAAGACTA-1,12,1
AGCAGGAAGAGCTGAA-1,12,2
AGCAGGAACTGAGCCA-1,12,3
AGCAGGAACTGGCATA-1,12,4
AGCAGGAAGAATCTGA-1,12,5
AGCAGGAACACTTCGA-1,12,6
AGCAGGAACAGCGTTA-1,12,7
AGCAGGAACATACCAA-1,12,8
AGCAGGAACCAGTTCA-1,12,9
AGCAGGAAATTGAGGA-1,12,10
AGCAGGAACAACCACA-1,12,11
AGCAGGAAGACTAGTA-1,12,12
AGCAGGAACAATGGAA-1,12,13
AGCAGGAAAAGGTACA-1,12,14
AGCAGGAAACACAGAA-1,12,15
AGCAGGAAACAGCAGA-1,12,16
AGCAGGAAACCTCCAA-1,12,17
AGCAGGAAAACAACCA-1,12,18
AGCAGGAAAACCGAGA-1,12,19
AGCAGGAAAACGCTTA-1,12,20
AGCAGGAAAAGACGGA-1,12,21
AGCAGGAAAACGTGAT-1,12,22
AGCAGGAAAAACATCG-1,12,23
AGCAGGAAATGCCTAA-1,12,24
AGCAGGAAAGTGGTCA-1,12,25
AGCAGGAAACCACTGT-1,12,26
AGCAGGAAACATTGGC-1,12,27
AGCAGGAACAGATCTG-1,12,28
AGCAGGAACATCAAGT-1,12,29
AGCAGGAACGCTGATC-1,12,30
AGCAGGAAACAAGCTA-1,12,31
AGCAGGAACTGTAGCC-1,12,32
AGCAGGAAAGTACAAG-1,12,33
AGCAGGAAACGCTCGA-1,12,34
AGCAGGAAACGTATCA-1,12,35
AGCAGGAAACTATGCA-1,12,36
AGCAGGAAAGAGTCAA-1,12,37
AGCAGGAAAGATCGCA-1,12,38
AGCAGGAAAGCAGGAA-1,12,39
AGCAGGAAAGTCACTA-1,12,40
AGCAGGAAATCCTGTA-1,12,41
AGCAGGAACCGAAGTA-1,12,42
AGCAGGAACCGTGAGA-1,12,43
AGCAGGAACCTCCTGA-1,12,44
AGCAGGAACGAACTTA-1,12,45
AGCAGGAACGACTGGA-1,12,46
AGCAGGAACGCATACA-1,12,47
AGCAGGAACTCAATGA-1,12,48
AGCAGGAAGATAGACA-1,12,49
AGCAGGAAGCCACATA-1,12,50
AGATCGCACAAGACTA-1,13,1
AGATCGCAGAGCTGAA-1,13,2
AGATCGCACTGAGCCA-1,13,3
AGATCGCACTGGCATA-1,13,4
AGATCGCAGAATCTGA-1,13,5
AGATCGCACACTTCGA-1,13,6
AGATCGCACAGCGTTA-1,13,7
AGATCGCACATACCAA-1,13,8
AGATCGCACCAGTTCA-1,13,9
AGATCGCAATTGAGGA-1,13,10
AGATCGCACAACCACA-1,13,11
AGATCGCAGACTAGTA-1,13,12
AGATCGCACAATGGAA-1,13,13
AGATCGCAAAGGTACA-1,13,14
AGATCGCAACACAGAA-1,13,15
AGATCGCAACAGCAGA-1,13,16
AGATCGCAACCTCCAA-1,13,17
AGATCGCAAACAACCA-1,13,18
AGATCGCAAACCGAGA-1,13,19
AGATCGCAAACGCTTA-1,13,20
AGATCGCAAAGACGGA-1,13,21
AGATCGCAAACGTGAT-1,13,22
AGATCGCAAAACATCG-1,13,23
AGATCGCAATGCCTAA-1,13,24
AGATCGCAAGTGGTCA-1,13,25
AGATCGCAACCACTGT-1,13,26
AGATCGCAACATTGGC-1,13,27
AGATCGCACAGATCTG-1,13,28
AGATCGCACATCAAGT-1,13,29
AGATCGCACGCTGATC-1,13,30
AGATCGCAACAAGCTA-1,13,31
AGATCGCACTGTAGCC-1,13,32
AGATCGCAAGTACAAG-1,13,33
AGATCGCAACGCTCGA-1,13,34
AGATCGCAACGTATCA-1,13,35
AGATCGCAACTATGCA-1,13,36
AGATCGCAAGAGTCAA-1,13,37
AGATCGCAAGATCGCA-1,13,38
AGATCGCAAGCAGGAA-1,13,39
AGATCGCAAGTCACTA-1,13,40
AGATCGCAATCCTGTA-1,13,41
AGATCGCACCGAAGTA-1,13,42
AGATCGCACCGTGAGA-1,13,43
AGATCGCACCTCCTGA-1,13,44
AGATCGCACGAACTTA-1,13,45
AGATCGCACGACTGGA-1,13,46
AGATCGCACGCATACA-1,13,47
AGATCGCACTCAATGA-1,13,48
AGATCGCAGATAGACA-1,13,49
AGATCGCAGCCACATA-1,13,50
AGAGTCAACAAGACTA-1,14,1
AGAGTCAAGAGCTGAA-1,14,2
AGAGTCAACTGAGCCA-1,14,3
AGAGTCAACTGGCATA-1,14,4
AGAGTCAAGAATCTGA-1,14,5
AGAGTCAACACTTCGA-1,14,6
AGAGTCAACAGCGTTA-1,14,7
AGAGTCAACATACCAA-1,14,8
AGAGTCAACCAGTTCA-1,14,9
AGAGTCAAATTGAGGA-1,14,10
AGAGTCAACAACCACA-1,14,11
AGAGTCAAGACTAGTA-1,14,12
AGAGTCAACAATGGAA-1,14,13
AGAGTCAAAAGGTACA-1,14,14
AGAGTCAAACACAGAA-1,14,15
AGAGTCAAACAGCAGA-1,14,16
AGAGTCAAACCTCCAA-1,14,17
AGAGTCAAAACAACCA-1,14,18
AGAGTCAAAACCGAGA-1,14,19
AGAGTCAAAACGCTTA-1,14,20
AGAGTCAAAAGACGGA-1,14,21
AGAGTCAAAACGTGAT-1,14,22
AGAGTCAAAAACATCG-1,14,23
AGAGTCAAATGCCTAA-1,14,24
AGAGTCAAAGTGGTCA-1,14,25
AGAGTCAAACCACTGT-1,14,26
AGAGTCAAACATTGGC-1,14,27
AGAGTCAACAGATCTG-1,14,28
AGAGTCAACATCAAGT-1,14,29
AGAGTCAACGCTGATC-1,14,30
AGAGTCAAACAAGCTA-1,14,31
AGAGTCAACTGTAGCC-1,14,32
AGAGTCAAAGTACAAG-1,14,33
AGAGTCAAACGCTCGA-1,14,34
AGAGTCAAACGTATCA-1,14,35
AGAGTCAAACTATGCA-1,14,36
AGAGTCAAAGAGTCAA-1,14,37
AGAGTCAAAGATCGCA-1,14,38
AGAGTCAAAGCAGGAA-1,14,39
AGAGTCAAAGTCACTA-1,14,40
AGAGTCAAATCCTGTA-1,14,41
AGAGTCAACCGAAGTA-1,14,42
AGAGTCAACCGTGAGA-1,14,43
AGAGTCAACCTCCTGA-1,14,44
AGAGTCAACGAACTTA-1,14,45
AGAGTCAACGACTGGA-1,14,46
AGAGTCAACGCATACA-1,14,47
AGAGTCAACTCAATGA-1,14,48
AGAGTCAAGATAGACA-1,14,49
AGAGTCAAGCCACATA-1,14,50
ACTATGCACAAGACTA-1,15,1
ACTATGCAGAGCTGAA-1,15,2
ACTATGCACTGAGCCA-1,15,3
ACTATGCACTGGCATA-1,15,4
ACTATGCAGAATCTGA-1,15,5
ACTATGCACACTTCGA-1,15,6
ACTATGCACAGCGTTA-1,15,7
ACTATGCACATACCAA-1,15,8
ACTATGCACCAGTTCA-1,15,9
ACTATGCAATTGAGGA-1,15,10
ACTATGCACAACCACA-1,15,11
ACTATGCAGACTAGTA-1,15,12
ACTATGCACAATGGAA-1,15,13
ACTATGCAAAGGTACA-1,15,14
ACTATGCAACACAGAA-1,15,15
ACTATGCAACAGCAGA-1,15,16
ACTATGCAACCTCCAA-1,15,17
ACTATGCAAACAACCA-1,15,18
ACTATGCAAACCGAGA-1,15,19
ACTATGCAAACGCTTA-1,15,20
ACTATGCAAAGACGGA-1,15,21
ACTATGCAAACGTGAT-1,15,22
ACTATGCAAAACATCG-1,15,23
ACTATGCAATGCCTAA-1,15,24
ACTATGCAAGTGGTCA-1,15,25
ACTATGCAACCACTGT-1,15,26
ACTATGCAACATTGGC-1,15,27
ACTATGCACAGATCTG-1,15,28
ACTATGCACATCAAGT-1,15,29
ACTATGCACGCTGATC-1,15,30
ACTATGCAACAAGCTA-1,15,31
ACTATGCACTGTAGCC-1,15,32
ACTATGCAAGTACAAG-1,15,33
ACTATGCAACGCTCGA-1,15,34
ACTATGCAACGTATCA-1,15,35
ACTATGCAACTATGCA-1,15,36
ACTATGCAAGAGTCAA-1,15,37
ACTATGCAAGATCGCA-1,15,38
ACTATGCAAGCAGGAA-1,15,39
ACTATGCAAGTCACTA-1,15,40
ACTATGCAATCCTGTA-1,15,41
ACTATGCACCGAAGTA-1,15,42
ACTATGCACCGTGAGA-1,15,43
ACTATGCACCTCCTGA-1,15,44
ACTATGCACGAACTTA-1,15,45
ACTATGCACGACTGGA-1,15,46
ACTATGCACGCATACA-1,15,47
ACTATGCACTCAATGA-1,15,48
ACTATGCAGATAGACA-1,15,49
ACTATGCAGCCACATA-1,15,50
ACGTATCACAAGACTA-1,16,1
ACGTATCAGAGCTGAA-1,16,2
ACGTATCACTGAGCCA-1,16,3
ACGTATCACTGGCATA-1,16,4
ACGTATCAGAATCTGA-1,16,5
ACGTATCACACTTCGA-1,16,6
ACGTATCACAGCGTTA-1,16,7
ACGTATCACATACCAA-1,16,8
ACGTATCACCAGTTCA-1,16,9
ACGTATCAATTGAGGA-1,16,10
ACGTATCACAACCACA-1,16,11
ACGTATCAGACTAGTA-1,16,12
ACGTATCACAATGGAA-1,16,13
ACGTATCAAAGGTACA-1,16,14
ACGTATCAACACAGAA-1,16,15
ACGTATCAACAGCAGA-1,16,16
ACGTATCAACCTCCAA-1,16,17
ACGTATCAAACAACCA-1,16,18
ACGTATCAAACCGAGA-1,16,19
ACGTATCAAACGCTTA-1,16,20
ACGTATCAAAGACGGA-1,16,21
ACGTATCAAACGTGAT-1,16,22
ACGTATCAAAACATCG-1,16,23
ACGTATCAATGCCTAA-1,16,24
ACGTATCAAGTGGTCA-1,16,25
ACGTATCAACCACTGT-1,16,26
ACGTATCAACATTGGC-1,16,27
ACGTATCACAGATCTG-1,16,28
ACGTATCACATCAAGT-1,16,29
ACGTATCACGCTGATC-1,16,30
ACGTATCAACAAGCTA-1,16,31
ACGTATCACTGTAGCC-1,16,32
ACGTATCAAGTACAAG-1,16,33
ACGTATCAACGCTCGA-1,16,34
ACGTATCAACGTATCA-1,16,35
ACGTATCAACTATGCA-1,16,36
ACGTATCAAGAGTCAA-1,16,37
ACGTATCAAGATCGCA-1,16,38
ACGTATCAAGCAGGAA-1,16,39
ACGTATCAAGTCACTA-1,16,40
ACGTATCAATCCTGTA-1,16,41
ACGTATCACCGAAGTA-1,16,42
ACGTATCACCGTGAGA-1,16,43
ACGTATCACCTCCTGA-1,16,44
ACGTATCACGAACTTA-1,16,45
ACGTATCACGACTGGA-1,16,46
ACGTATCACGCATACA-1,16,47
ACGTATCACTCAATGA-1,16,48
ACGTATCAGATAGACA-1,16,49
ACGTATCAGCCACATA-1,16,50
ACGCTCGACAAGACTA-1,17,1
ACGCTCGAGAGCTGAA-1,17,2
ACGCTCGACTGAGCCA-1,17,3
ACGCTCGACTGGCATA-1,17,4
ACGCTCGAGAATCTGA-1,17,5
ACGCTCGACACTTCGA-1,17,6
ACGCTCGACAGCGTTA-1,17,7
ACGCTCGACATACCAA-1,17,8
ACGCTCGACCAGTTCA-1,17,9
ACGCTCGAATTGAGGA-1,17,10
ACGCTCGACAACCACA-1,17,11
ACGCTCGAGACTAGTA-1,17,12
ACGCTCGACAATGGAA-1,17,13
ACGCTCGAAAGGTACA-1,17,14
ACGCTCGAACACAGAA-1,17,15
ACGCTCGAACAGCAGA-1,17,16
ACGCTCGAACCTCCAA-1,17,17
ACGCTCGAAACAACCA-1,17,18
ACGCTCGAAACCGAGA-1,17,19
ACGCTCGAAACGCTTA-1,17,20
ACGCTCGAAAGACGGA-1,17,21
ACGCTCGAAACGTGAT-1,17,22
ACGCTCGAAAACATCG-1,17,23
ACGCTCGAATGCCTAA-1,17,24
ACGCTCGAAGTGGTCA-1,17,25
ACGCTCGAACCACTGT-1,17,26
ACGCTCGAACATTGGC-1,17,27
ACGCTCGACAGATCTG-1,17,28
ACGCTCGACATCAAGT-1,17,29
ACGCTCGACGCTGATC-1,17,30
ACGCTCGAACAAGCTA-1,17,31
ACGCTCGACTGTAGCC-1,17,32
ACGCTCGAAGTACAAG-1,17,33
ACGCTCGAACGCTCGA-1,17,34
ACGCTCGAACGTATCA-1,17,35
ACGCTCGAACTATGCA-1,17,36
ACGCTCGAAGAGTCAA-1,17,37
ACGCTCGAAGATCGCA-1,17,38
ACGCTCGAAGCAGGAA-1,17,39
ACGCTCGAAGTCACTA-1,17,40
ACGCTCGAATCCTGTA-1,17,41
ACGCTCGACCGAAGTA-1,17,42
ACGCTCGACCGTGAGA-1,17,43
ACGCTCGACCTCCTGA-1,17,44
ACGCTCGACGAACTTA-1,17,45
ACGCTCGACGACTGGA-1,17,46
ACGCTCGACGCATACA-1,17,47
ACGCTCGACTCAATGA-1,17,48
ACGCTCGAGATAGACA-1,17,49
ACGCTCGAGCCACATA-1,17,50
AGTACAAGCAAGACTA-1,18,1
AGTACAAGGAGCTGAA-1,18,2
AGTACAAGCTGAGCCA-1,18,3
AGTACAAGCTGGCATA-1,18,4
AGTACAAGGAATCTGA-1,18,5
AGTACAAGCACTTCGA-1,18,6
AGTACAAGCAGCGTTA-1,18,7
AGTACAAGCATACCAA-1,18,8
AGTACAAGCCAGTTCA-1,18,9
AGTACAAGATTGAGGA-1,18,10
AGTACAAGCAACCACA-1,18,11
AGTACAAGGACTAGTA-1,18,12
AGTACAAGCAATGGAA-1,18,13
AGTACAAGAAGGTACA-1,18,14
AGTACAAGACACAGAA-1,18,15
AGTACAAGACAGCAGA-1,18,16
AGTACAAGACCTCCAA-1,18,17
AGTACAAGAACAACCA-1,18,18
AGTACAAGAACCGAGA-1,18,19
AGTACAAGAACGCTTA-1,18,20
AGTACAAGAAGACGGA-1,18,21
AGTACAAGAACGTGAT-1,18,22
AGTACAAGAAACATCG-1,18,23
AGTACAAGATGCCTAA-1,18,24
AGTACAAGAGTGGTCA-1,18,25
AGTACAAGACCACTGT-1,18,26
AGTACAAGACATTGGC-1,18,27
AGTACAAGCAGATCTG-1,18,28
AGTACAAGCATCAAGT-1,18,29
AGTACAAGCGCTGATC-1,18,30
AGTACAAGACAAGCTA-1,18,31
AGTACAAGCTGTAGCC-1,18,32
AGTACAAGAGTACAAG-1,18,33
AGTACAAGACGCTCGA-1,18,34
AGTACAAGACGTATCA-1,18,35
AGTACAAGACTATGCA-1,18,36
AGTACAAGAGAGTCAA-1,18,37
AGTACAAGAGATCGCA-1,18,38
AGTACAAGAGCAGGAA-1,18,39
AGTACAAGAGTCACTA-1,18,40
AGTACAAGATCCTGTA-1,18,41
AGTACAAGCCGAAGTA-1,18,42
AGTACAAGCCGTGAGA-1,18,43
AGTACAAGCCTCCTGA-1,18,44
AGTACAAGCGAACTTA-1,18,45
AGTACAAGCGACTGGA-1,18,46
AGTACAAGCGCATACA-1,18,47
AGTACAAGCTCAATGA-1,18,48
AGTACAAGGATAGACA-1,18,49
AGTACAAGGCCACATA-1,18,50
CTGTAGCCCAAGACTA-1,19,1
CTGTAGCCGAGCTGAA-1,19,2
CTGTAGCCCTGAGCCA-1,19,3
CTGTAGCCCTGGCATA-1,19,4
CTGTAGCCGAATCTGA-1,19,5
CTGTAGCCCACTTCGA-1,19,6
CTGTAGCCCAGCGTTA-1,19,7
CTGTAGCCCATACCAA-1,19,8
CTGTAGCCCCAGTTCA-1,19,9
CTGTAGCCATTGAGGA-1,19,10
CTGTAGCCCAACCACA-1,19,11
CTGTAGCCGACTAGTA-1,19,12
CTGTAGCCCAATGGAA-1,19,13
CTGTAGCCAAGGTACA-1,19,14
CTGTAGCCACACAGAA-1,19,15
CTGTAGCCACAGCAGA-1,19,16
CTGTAGCCACCTCCAA-1,19,17
CTGTAGCCAACAACCA-1,19,18
CTGTAGCCAACCGAGA-1,19,19
CTGTAGCCAACGCTTA-1,19,20
CTGTAGCCAAGACGGA-1,19,21
CTGTAGCCAACGTGAT-1,19,22
CTGTAGCCAAACATCG-1,19,23
CTGTAGCCATGCCTAA-1,19,24
CTGTAGCCAGTGGTCA-1,19,25
CTGTAGCCACCACTGT-1,19,26
CTGTAGCCACATTGGC-1,19,27
CTGTAGCCCAGATCTG-1,19,28
CTGTAGCCCATCAAGT-1,19,29
CTGTAGCCCGCTGATC-1,19,30
CTGTAGCCACAAGCTA-1,19,31
CTGTAGCCCTGTAGCC-1,19,32
CTGTAGCCAGTACAAG-1,19,33
CTGTAGCCACGCTCGA-1,19,34
CTGTAGCCACGTATCA-1,19,35
CTGTAGCCACTATGCA-1,19,36
CTGTAGCCAGAGTCAA-1,19,37
CTGTAGCCAGATCGCA-1,19,38
CTGTAGCCAGCAGGAA-1,19,39
CTGTAGCCAGTCACTA-1,19,40
CTGTAGCCATCCTGTA-1,19,41
CTGTAGCCCCGAAGTA-1,19,42
CTGTAGCCCCGTGAGA-1,19,43
CTGTAGCCCCTCCTGA-1,19,44
CTGTAGCCCGAACTTA-1,19,45
CTGTAGCCCGACTGGA-1,19,46
CTGTAGCCCGCATACA-1,19,47
CTGTAGCCCTCAATGA-1,19,48
CTGTAGCCGATAGACA-1,19,49
CTGTAGCCGCCACATA-1,19,50
ACAAGCTACAAGACTA-1,20,1
ACAAGCTAGAGCTGAA-1,20,2
ACAAGCTACTGAGCCA-1,20,3
ACAAGCTACTGGCATA-1,20,4
ACAAGCTAGAATCTGA-1,20,5
ACAAGCTACACTTCGA-1,20,6
ACAAGCTACAGCGTTA-1,20,7
ACAAGCTACATACCAA-1,20,8
ACAAGCTACCAGTTCA-1,20,9
ACAAGCTAATTGAGGA-1,20,10
ACAAGCTACAACCACA-1,20,11
ACAAGCTAGACTAGTA-1,20,12
ACAAGCTACAATGGAA-1,20,13
ACAAGCTAAAGGTACA-1,20,14
ACAAGCTAACACAGAA-1,20,15
ACAAGCTAACAGCAGA-1,20,16
ACAAGCTAACCTCCAA-1,20,17
ACAAGCTAAACAACCA-1,20,18
ACAAGCTAAACCGAGA-1,20,19
ACAAGCTAAACGCTTA-1,20,20
ACAAGCTAAAGACGGA-1,20,21
ACAAGCTAAACGTGAT-1,20,22
ACAAGCTAAAACATCG-1,20,23
ACAAGCTAATGCCTAA-1,20,24
ACAAGCTAAGTGGTCA-1,20,25
ACAAGCTAACCACTGT-1,20,26
ACAAGCTAACATTGGC-1,20,27
ACAAGCTACAGATCTG-1,20,28
ACAAGCTACATCAAGT-1,20,29
ACAAGCTACGCTGATC-1,20,30
ACAAGCTAACAAGCTA-1,20,31
ACAAGCTACTGTAGCC-1,20,32
ACAAGCTAAGTACAAG-1,20,33
ACAAGCTAACGCTCGA-1,20,34
ACAAGCTAACGTATCA-1,20,35
ACAAGCTAACTATGCA-1,20,36
ACAAGCTAAGAGTCAA-1,20,37
ACAAGCTAAGATCGCA-1,20,38
ACAAGCTAAGCAGGAA-1,20,39
ACAAGCTAAGTCACTA-1,20,40
ACAAGCTAATCCTGTA-1,20,41
ACAAGCTACCGAAGTA-1,20,42
ACAAGCTACCGTGAGA-1,20,43
ACAAGCTACCTCCTGA-1,20,44
ACAAGCTACGAACTTA-1,20,45
ACAAGCTACGACTGGA-1,20,46
ACAAGCTACGCATACA-1,20,47
ACAAGCTACTCAATGA-1,20,48
ACAAGCTAGATAGACA-1,20,49
ACAAGCTAGCCACATA-1,20,50
CGCTGATCCAAGACTA-1,21,1
CGCTGATCGAGCTGAA-1,21,2
CGCTGATCCTGAGCCA-1,21,3
CGCTGATCCTGGCATA-1,21,4
CGCTGATCGAATCTGA-1,21,5
CGCTGATCCACTTCGA-1,21,6
CGCTGATCCAGCGTTA-1,21,7
CGCTGATCCATACCAA-1,21,8
CGCTGATCCCAGTTCA-1,21,9
CGCTGATCATTGAGGA-1,21,10
CGCTGATCCAACCACA-1,21,11
CGCTGATCGACTAGTA-1,21,12
CGCTGATCCAATGGAA-1,21,13
CGCTGATCAAGGTACA-1,21,14
CGCTGATCACACAGAA-1,21,15
CGCTGATCACAGCAGA-1,21,16
CGCTGATCACCTCCAA-1,21,17
CGCTGATCAACAACCA-1,21,18
CGCTGATCAACCGAGA-1,21,19
CGCTGATCAACGCTTA-1,21,20
CGCTGATCAAGACGGA-1,21,21
CGCTGATCAACGTGAT-1,21,22
CGCTGATCAAACATCG-1,21,23
CGCTGATCATGCCTAA-1,21,24
CGCTGATCAGTGGTCA-1,21,25
CGCTGATCACCACTGT-1,21,26
CGCTGATCACATTGGC-1,21,27
CGCTGATCCAGATCTG-1,21,28
CGCTGATCCATCAAGT-1,21,29
CGCTGATCCGCTGATC-1,21,30
CGCTGATCACAAGCTA-1,21,31
CGCTGATCCTGTAGCC-1,21,32
CGCTGATCAGTACAAG-1,21,33
CGCTGATCACGCTCGA-1,21,34
CGCTGATCACGTATCA-1,21,35
CGCTGATCACTATGCA-1,21,36
CGCTGATCAGAGTCAA-1,21,37
CGCTGATCAGATCGCA-1,21,38
CGCTGATCAGCAGGAA-1,21,39
CGCTGATCAGTCACTA-1,21,40
CGCTGATCATCCTGTA-1,21,41
CGCTGATCCCGAAGTA-1,21,42
CGCTGATCCCGTGAGA-1,21,43
CGCTGATCCCTCCTGA-1,21,44
CGCTGATCCGAACTTA-1,21,45
CGCTGATCCGACTGGA-1,21,46
CGCTGATCCGCATACA-1,21,47
CGCTGATCCTCAATGA-1,21,48
CGCTGATCGATAGACA-1,21,49
CGCTGATCGCCACATA-1,21,50
CATCAAGTCAAGACTA-1,22,1
CATCAAGTGAGCTGAA-1,22,2
CATCAAGTCTGAGCCA-1,22,3
CATCAAGTCTGGCATA-1,22,4
CATCAAGTGAATCTGA-1,22,5
CATCAAGTCACTTCGA-1,22,6
CATCAAGTCAGCGTTA-1,22,7
CATCAAGTCATACCAA-1,22,8
CATCAAGTCCAGTTCA-1,22,9
CATCAAGTATTGAGGA-1,22,10
CATCAAGTCAACCACA-1,22,11
CATCAAGTGACTAGTA-1,22,12
CATCAAGTCAATGGAA-1,22,13
CATCAAGTAAGGTACA-1,22,14
CATCAAGTACACAGAA-1,22,15
CATCAAGTACAGCAGA-1,22,16
CATCAAGTACCTCCAA-1,22,17
CATCAAGTAACAACCA-1,22,18
CATCAAGTAACCGAGA-1,22,19
CATCAAGTAACGCTTA-1,22,20
CATCAAGTAAGACGGA-1,22,21
CATCAAGTAACGTGAT-1,22,22
CATCAAGTAAACATCG-1,22,23
CATCAAGTATGCCTAA-1,22,24
CATCAAGTAGTGGTCA-1,22,25
CATCAAGTACCACTGT-1,22,26
CATCAAGTACATTGGC-1,22,27
CATCAAGTCAGATCTG-1,22,28
CATCAAGTCATCAAGT-1,22,29
CATCAAGTCGCTGATC-1,22,30
CATCAAGTACAAGCTA-1,22,31
CATCAAGTCTGTAGCC-1,22,32
CATCAAGTAGTACAAG-1,22,33
CATCAAGTACGCTCGA-1,22,34
CATCAAGTACGTATCA-1,22,35
CATCAAGTACTATGCA-1,22,36
CATCAAGTAGAGTCAA-1,22,37
CATCAAGTAGATCGCA-1,22,38
CATCAAGTAGCAGGAA-1,22,39
CATCAAGTAGTCACTA-1,22,40
CATCAAGTATCCTGTA-1,22,41
CATCAAGTCCGAAGTA-1,22,42
CATCAAGTCCGTGAGA-1,22,43
CATCAAGTCCTCCTGA-1,22,44
CATCAAGTCGAACTTA-1,22,45
CATCAAGTCGACTGGA-1,22,46
CATCAAGTCGCATACA-1,22,47
CATCAAGTCTCAATGA-1,22,48
CATCAAGTGATAGACA-1,22,49
CATCAAGTGCCACATA-1,22,50
CAGATCTGCAAGACTA-1,23,1
CAGATCTGGAGCTGAA-1,23,2
CAGATCTGCTGAGCCA-1,23,3
CAGATCTGCTGGCATA-1,23,4
CAGATCTGGAATCTGA-1,23,5
CAGATCTGCACTTCGA-1,23,6
CAGATCTGCAGCGTTA-1,23,7
CAGATCTGCATACCAA-1,23,8
CAGATCTGCCAGTTCA-1,23,9
CAGATCTGATTGAGGA-1,23,10
CAGATCTGCAACCACA-1,23,11
CAGATCTGGACTAGTA-1,23,12
CAGATCTGCAATGGAA-1,23,13
CAGATCTGAAGGTACA-1,23,14
CAGATCTGACACAGAA-1,23,15
CAGATCTGACAGCAGA-1,23,16
CAGATCTGACCTCCAA-1,23,17
CAGATCTGAACAACCA-1,23,18
CAGATCTGAACCGAGA-1,23,19
CAGATCTGAACGCTTA-1,23,20
CAGATCTGAAGACGGA-1,23,21
CAGATCTGAACGTGAT-1,23,22
CAGATCTGAAACATCG-1,23,23
CAGATCTGATGCCTAA-1,23,24
CAGATCTGAGTGGTCA-1,23,25
CAGATCTGACCACTGT-1,23,26
CAGATCTGACATTGGC-1,23,27
CAGATCTGCAGATCTG-1,23,28
CAGATCTGCATCAAGT-1,23,29
CAGATCTGCGCTGATC-1,23,30
CAGATCTGACAAGCTA-1,23,31
CAGATCTGCTGTAGCC-1,23,32
CAGATCTGAGTACAAG-1,23,33
CAGATCTGACGCTCGA-1,23,34
CAGATCTGACGTATCA-1,23,35
CAGATCTGACTATGCA-1,23,36
CAGATCTGAGAGTCAA-1,23,37
CAGATCTGAGATCGCA-1,23,38
CAGATCTGAGCAGGAA-1,23,39
CAGATCTGAGTCACTA-1,23,40
CAGATCTGATCCTGTA-1,23,41
CAGATCTGCCGAAGTA-1,23,42
CAGATCTGCCGTGAGA-1,23,43
CAGATCTGCCTCCTGA-1,23,44
CAGATCTGCGAACTTA-1,23,45
CAGATCTGCGACTGGA-1,23,46
CAGATCTGCGCATACA-1,23,47
CAGATCTGCTCAATGA-1,23,48
CAGATCTGGATAGACA-1,23,49
CAGATCTGGCCACATA-1,23,50
ACATTGGCCAAGACTA-1,24,1
ACATTGGCGAGCTGAA-1,24,2
ACATTGGCCTGAGCCA-1,24,3
ACATTGGCCTGGCATA-1,24,4
ACATTGGCGAATCTGA-1,24,5
ACATTGGCCACTTCGA-1,24,6
ACATTGGCCAGCGTTA-1,24,7
ACATTGGCCATACCAA-1,24,8
ACATTGGCCCAGTTCA-1,24,9
ACATTGGCATTGAGGA-1,24,10
ACATTGGCCAACCACA-1,24,11
ACATTGGCGACTAGTA-1,24,12
ACATTGGCCAATGGAA-1,24,13
ACATTGGCAAGGTACA-1,24,14
ACATTGGCACACAGAA-1,24,15
ACATTGGCACAGCAGA-1,24,16
ACATTGGCACCTCCAA-1,24,17
ACATTGGCAACAACCA-1,24,18
ACATTGGCAACCGAGA-1,24,19
ACATTGGCAACGCTTA-1,24,20
ACATTGGCAAGACGGA-1,24,21
ACATTGGCAACGTGAT-1,24,22
ACATTGGCAAACATCG-1,24,23
ACATTGGCATGCCTAA-1,24,24
ACATTGGCAGTGGTCA-1,24,25
ACATTGGCACCACTGT-1,24,26
ACATTGGCACATTGGC-1,24,27
ACATTGGCCAGATCTG-1,24,28
ACATTGGCCATCAAGT-1,24,29
ACATTGGCCGCTGATC-1,24,30
ACATTGGCACAAGCTA-1,24,31
ACATTGGCCTGTAGCC-1,24,32
ACATTGGCAGTACAAG-1,24,33
ACATTGGCACGCTCGA-1,24,34
ACATTGGCACGTATCA-1,24,35
ACATTGGCACTATGCA-1,24,36
ACATTGGCAGAGTCAA-1,24,37
ACATTGGCAGATCGCA-1,24,38
ACATTGGCAGCAGGAA-1,24,39
ACATTGGCAGTCACTA-1,24,40
ACATTGGCATCCTGTA-1,24,41
ACATTGGCCCGAAGTA-1,24,42
ACATTGGCCCGTGAGA-1,24,43
ACATTGGCCCTCCTGA-1,24,44
ACATTGGCCGAACTTA-1,24,45
ACATTGGCCGACTGGA-1,24,46
ACATTGGCCGCATACA-1,24,47
ACATTGGCCTCAATGA-1,24,48
ACATTGGCGATAGACA-1,24,49
ACATTGGCGCCACATA-1,24,50
ACCACTGTCAAGACTA-1,25,1
ACCACTGTGAGCTGAA-1,25,2
ACCACTGTCTGAGCCA-1,25,3
ACCACTGTCTGGCATA-1,25,4
ACCACTGTGAATCTGA-1,25,5
ACCACTGTCACTTCGA-1,25,6
ACCACTGTCAGCGTTA-1,25,7
ACCACTGTCATACCAA-1,25,8
ACCACTGTCCAGTTCA-1,25,9
ACCACTGTATTGAGGA-1,25,10
ACCACTGTCAACCACA-1,25,11
ACCACTGTGACTAGTA-1,25,12
ACCACTGTCAATGGAA-1,25,13
ACCACTGTAAGGTACA-1,25,14
ACCACTGTACACAGAA-1,25,15
ACCACTGTACAGCAGA-1,25,16
ACCACTGTACCTCCAA-1,25,17
ACCACTGTAACAACCA-1,25,18
ACCACTGTAACCGAGA-1,25,19
ACCACTGTAACGCTTA-1,25,20
ACCACTGTAAGACGGA-1,25,21
ACCACTGTAACGTGAT-1,25,22
ACCACTGTAAACATCG-1,25,23
ACCACTGTATGCCTAA-1,25,24
ACCACTGTAGTGGTCA-1,25,25
ACCACTGTACCACTGT-1,25,26
ACCACTGTACATTGGC-1,25,27
ACCACTGTCAGATCTG-1,25,28
ACCACTGTCATCAAGT-1,25,29
ACCACTGTCGCTGATC-1,25,30
ACCACTGTACAAGCTA-1,25,31
ACCACTGTCTGTAGCC-1,25,32
ACCACTGTAGTACAAG-1,25,33
ACCACTGTACGCTCGA-1,25,34
ACCACTGTACGTATCA-1,25,35
ACCACTGTACTATGCA-1,25,36
ACCACTGTAGAGTCAA-1,25,37
ACCACTGTAGATCGCA-1,25,38
ACCACTGTAGCAGGAA-1,25,39
ACCACTGTAGTCACTA-1,25,40
ACCACTGTATCCTGTA-1,25,41
ACCACTGTCCGAAGTA-1,25,42
ACCACTGTCCGTGAGA-1,25,43
ACCACTGTCCTCCTGA-1,25,44
ACCACTGTCGAACTTA-1,25,45
ACCACTGTCGACTGGA-1,25,46
ACCACTGTCGCATACA-1,25,47
ACCACTGTCTCAATGA-1,25,48
ACCACTGTGATAGACA-1,25,49
ACCACTGTGCCACATA-1,25,50
AGTGGTCACAAGACTA-1,26,1
AGTGGTCAGAGCTGAA-1,26,2
AGTGGTCACTGAGCCA-1,26,3
AGTGGTCACTGGCATA-1,26,4
AGTGGTCAGAATCTGA-1,26,5
AGTGGTCACACTTCGA-1,26,6
AGTGGTCACAGCGTTA-1,26,7
AGTGGTCACATACCAA-1,26,8
AGTGGTCACCAGTTCA-1,26,9
AGTGGTCAATTGAGGA-1,26,10
AGTGGTCACAACCACA-1,26,11
AGTGGTCAGACTAGTA-1,26,12
AGTGGTCACAATGGAA-1,26,13
AGTGGTCAAAGGTACA-1,26,14
AGTGGTCAACACAGAA-1,26,15
AGTGGTCAACAGCAGA-1,26,16
AGTGGTCAACCTCCAA-1,26,17
AGTGGTCAAACAACCA-1,26,18
AGTGGTCAAACCGAGA-1,26,19
AGTGGTCAAACGCTTA-1,26,20
AGTGGTCAAAGACGGA-1,26,21
AGTGGTCAAACGTGAT-1,26,22
AGTGGTCAAAACATCG-1,26,23
AGTGGTCAATGCCTAA-1,26,24
AGTGGTCAAGTGGTCA-1,26,25
AGTGGTCAACCACTGT-1,26,26
AGTGGTCAACATTGGC-1,26,27
AGTGGTCACAGATCTG-1,26,28
AGTGGTCACATCAAGT-1,26,29
AGTGGTCACGCTGATC-1,26,30
AGTGGTCAACAAGCTA-1,26,31
AGTGGTCACTGTAGCC-1,26,32
AGTGGTCAAGTACAAG-1,26,33
AGTGGTCAACGCTCGA-1,26,34
AGTGGTCAACGTATCA-1,26,35
AGTGGTCAACTATGCA-1,26,36
AGTGGTCAAGAGTCAA-1,26,37
AGTGGTCAAGATCGCA-1,26,38
AGTGGTCAAGCAGGAA-1,26,39
AGTGGTCAAGTCACTA-1,26,40
AGTGGTCAATCCTGTA-1,26,41
AGTGGTCACCGAAGTA-1,26,42
AGTGGTCACCGTGAGA-1,26,43
AGTGGTCACCTCCTGA-1,26,44
AGTGGTCACGAACTTA-1,26,45
AGTGGTCACGACTGGA-1,26,46
AGTGGTCACGCATACA-1,26,47
AGTGGTCACTCAATGA-1,26,48
AGTGGTCAGATAGACA-1,26,49
AGTGGTCAGCCACATA-1,26,50
ATGCCTAACAAGACTA-1,27,1
ATGCCTAAGAGCTGAA-1,27,2
ATGCCTAACTGAGCCA-1,27,3
ATGCCTAACTGGCATA-1,27,4
ATGCCTAAGAATCTGA-1,27,5
ATGCCTAACACTTCGA-1,27,6
ATGCCTAACAGCGTTA-1,27,7
ATGCCTAACATACCAA-1,27,8
ATGCCTAACCAGTTCA-1,27,9
ATGCCTAAATTGAGGA-1,27,10
ATGCCTAACAACCACA-1,27,11
ATGCCTAAGACTAGTA-1,27,12
ATGCCTAACAATGGAA-1,27,13
ATGCCTAAAAGGTACA-1,27,14
ATGCCTAAACACAGAA-1,27,15
ATGCCTAAACAGCAGA-1,27,16
ATGCCTAAACCTCCAA-1,27,17
ATGCCTAAAACAACCA-1,27,18
ATGCCTAAAACCGAGA-1,27,19
ATGCCTAAAACGCTTA-1,27,20
ATGCCTAAAAGACGGA-1,27,21
ATGCCTAAAACGTGAT-1,27,22
ATGCCTAAAAACATCG-1,27,23
ATGCCTAAATGCCTAA-1,27,24
ATGCCTAAAGTGGTCA-1,27,25
ATGCCTAAACCACTGT-1,27,26
ATGCCTAAACATTGGC-1,27,27
ATGCCTAACAGATCTG-1,27,28
ATGCCTAACATCAAGT-1,27,29
ATGCCTAACGCTGATC-1,27,30
ATGCCTAAACAAGCTA-1,27,31
ATGCCTAACTGTAGCC-1,27,32
ATGCCTAAAGTACAAG-1,27,33
ATGCCTAAACGCTCGA-1,27,34
ATGCCTAAACGTATCA-1,27,35
ATGCCTAAACTATGCA-1,27,36
ATGCCTAAAGAGTCAA-1,27,37
ATGCCTAAAGATCGCA-1,27,38
ATGCCTAAAGCAGGAA-1,27,39
ATGCCTAAAGTCACTA-1,27,40
ATGCCTAAATCCTGTA-1,27,41
ATGCCTAACCGAAGTA-1,27,42
ATGCCTAACCGTGAGA-1,27,43
ATGCCTAACCTCCTGA-1,27,44
ATGCCTAACGAACTTA-1,27,45
ATGCCTAACGACTGGA-1,27,46
ATGCCTAACGCATACA-1,27,47
ATGCCTAACTCAATGA-1,27,48
ATGCCTAAGATAGACA-1,27,49
ATGCCTAAGCCACATA-1,27,50
AAACATCGCAAGACTA-1,28,1
AAACATCGGAGCTGAA-1,28,2
AAACATCGCTGAGCCA-1,28,3
AAACATCGCTGGCATA-1,28,4
AAACATCGGAATCTGA-1,28,5
AAACATCGCACTTCGA-1,28,6
AAACATCGCAGCGTTA-1,28,7
AAACATCGCATACCAA-1,28,8
AAACATCGCCAGTTCA-1,28,9
AAACATCGATTGAGGA-1,28,10
AAACATCGCAACCACA-1,28,11
AAACATCGGACTAGTA-1,28,12
AAACATCGCAATGGAA-1,28,13
AAACATCGAAGGTACA-1,28,14
AAACATCGACACAGAA-1,28,15
AAACATCGACAGCAGA-1,28,16
AAACATCGACCTCCAA-1,28,17
AAACATCGAACAACCA-1,28,18
AAACATCGAACCGAGA-1,28,19
AAACATCGAACGCTTA-1,28,20
AAACATCGAAGACGGA-1,28,21
AAACATCGAACGTGAT-1,28,22
AAACATCGAAACATCG-1,28,23
AAACATCGATGCCTAA-1,28,24
AAACATCGAGTGGTCA-1,28,25
AAACATCGACCACTGT-1,28,26
AAACATCGACATTGGC-1,28,27
AAACATCGCAGATCTG-1,28,28
AAACATCGCATCAAGT-1,28,29
AAACATCGCGCTGATC-1,28,30
AAACATCGACAAGCTA-1,28,31
AAACATCGCTGTAGCC-1,28,32
AAACATCGAGTACAAG-1,28,33
AAACATCGACGCTCGA-1,28,34
AAACATCGACGTATCA-1,28,35
AAACATCGACTATGCA-1,28,36
AAACATCGAGAGTCAA-1,28,37
AAACATCGAGATCGCA-1,28,38
AAACATCGAGCAGGAA-1,28,39
AAACATCGAGTCACTA-1,28,40
AAACATCGATCCTGTA-1,28,41
AAACATCGCCGAAGTA-1,28,42
AAACATCGCCGTGAGA-1,28,43
AAACATCGCCTCCTGA-1,28,44
AAACATCGCGAACTTA-1,28,45
AAACATCGCGACTGGA-1,28,46
AAACATCGCGCATACA-1,28,47
AAACATCGCTCAATGA-1,28,48
AAACATCGGATAGACA-1,28,49
AAACATCGGCCACATA-1,28,50
AACGTGATCAAGACTA-1,29,1
AACGTGATGAGCTGAA-1,29,2
AACGTGATCTGAGCCA-1,29,3
AACGTGATCTGGCATA-1,29,4
AACGTGATGAATCTGA-1,29,5
AACGTGATCACTTCGA-1,29,6
AACGTGATCAGCGTTA-1,29,7
AACGTGATCATACCAA-1,29,8
AACGTGATCCAGTTCA-1,29,9
AACGTGATATTGAGGA-1,29,10
AACGTGATCAACCACA-1,29,11
AACGTGATGACTAGTA-1,29,12
AACGTGATCAATGGAA-1,29,13
AACGTGATAAGGTACA-1,29,14
AACGTGATACACAGAA-1,29,15
AACGTGATACAGCAGA-1,29,16
AACGTGATACCTCCAA-1,29,17
AACGTGATAACAACCA-1,29,18
AACGTGATAACCGAGA-1,29,19
AACGTGATAACGCTTA-1,29,20
AACGTGATAAGACGGA-1,29,21
AACGTGATAACGTGAT-1,29,22
AACGTGATAAACATCG-1,29,23
AACGTGATATGCCTAA-1,29,24
AACGTGATAGTGGTCA-1,29,25
AACGTGATACCACTGT-1,29,26
AACGTGATACATTGGC-1,29,27
AACGTGATCAGATCTG-1,29,28
AACGTGATCATCAAGT-1,29,29
AACGTGATCGCTGATC-1,29,30
AACGTGATACAAGCTA-1,29,31
AACGTGATCTGTAGCC-1,29,32
AACGTGATAGTACAAG-1,29,33
AACGTGATACGCTCGA-1,29,34
AACGTGATACGTATCA-1,29,35
AACGTGATACTATGCA-1,29,36
AACGTGATAGAGTCAA-1,29,37
AACGTGATAGATCGCA-1,29,38
AACGTGATAGCAGGAA-1,29,39
AACGTGATAGTCACTA-1,29,40
AACGTGATATCCTGTA-1,29,41
AACGTGATCCGAAGTA-1,29,42
AACGTGATCCGTGAGA-1,29,43
AACGTGATCCTCCTGA-1,29,44
AACGTGATCGAACTTA-1,29,45
AACGTGATCGACTGGA-1,29,46
AACGTGATCGCATACA-1,29,47
AACGTGATCTCAATGA-1,29,48
AACGTGATGATAGACA-1,29,49
AACGTGATGCCACATA-1,29,50
AAGACGGACAAGACTA-1,30,1
AAGACGGAGAGCTGAA-1,30,2
AAGACGGACTGAGCCA-1,30,3
AAGACGGACTGGCATA-1,30,4
AAGACGGAGAATCTGA-1,30,5
AAGACGGACACTTCGA-1,30,6
AAGACGGACAGCGTTA-1,30,7
AAGACGGACATACCAA-1,30,8
AAGACGGACCAGTTCA-1,30,9
AAGACGGAATTGAGGA-1,30,10
AAGACGGACAACCACA-1,30,11
AAGACGGAGACTAGTA-1,30,12
AAGACGGACAATGGAA-1,30,13
AAGACGGAAAGGTACA-1,30,14
AAGACGGAACACAGAA-1,30,15
AAGACGGAACAGCAGA-1,30,16
AAGACGGAACCTCCAA-1,30,17
AAGACGGAAACAACCA-1,30,18
AAGACGGAAACCGAGA-1,30,19
AAGACGGAAACGCTTA-1,30,20
AAGACGGAAAGACGGA-1,30,21
AAGACGGAAACGTGAT-1,30,22
AAGACGGAAAACATCG-1,30,23
AAGACGGAATGCCTAA-1,30,24
AAGACGGAAGTGGTCA-1,30,25
AAGACGGAACCACTGT-1,30,26
AAGACGGAACATTGGC-1,30,27
AAGACGGACAGATCTG-1,30,28
AAGACGGACATCAAGT-1,30,29
AAGACGGACGCTGATC-1,30,30
AAGACGGAACAAGCTA-1,30,31
AAGACGGACTGTAGCC-1,30,32
AAGACGGAAGTACAAG-1,30,33
AAGACGGAACGCTCGA-1,30,34
AAGACGGAACGTATCA-1,30,35
AAGACGGAACTATGCA-1,30,36
AAGACGGAAGAGTCAA-1,30,37
AAGACGGAAGATCGCA-1,30,38
AAGACGGAAGCAGGAA-1,30,39
AAGACGGAAGTCACTA-1,30,40
AAGACGGAATCCTGTA-1,30,41
AAGACGGACCGAAGTA-1,30,42
AAGACGGACCGTGAGA-1,30,43
AAGACGGACCTCCTGA-1,30,44
AAGACGGACGAACTTA-1,30,45
AAGACGGACGACTGGA-1,30,46
AAGACGGACGCATACA-1,30,47
AAGACGGACTCAATGA-1,30,48
AAGACGGAGATAGACA-1,30,49
AAGACGGAGCCACATA-1,30,50
AACGCTTACAAGACTA-1,31,1
AACGCTTAGAGCTGAA-1,31,2
AACGCTTACTGAGCCA-1,31,3
AACGCTTACTGGCATA-1,31,4
AACGCTTAGAATCTGA-1,31,5
AACGCTTACACTTCGA-1,31,6
AACGCTTACAGCGTTA-1,31,7
AACGCTTACATACCAA-1,31,8
AACGCTTACCAGTTCA-1,31,9
AACGCTTAATTGAGGA-1,31,10
AACGCTTACAACCACA-1,31,11
AACGCTTAGACTAGTA-1,31,12
AACGCTTACAATGGAA-1,31,13
AACGCTTAAAGGTACA-1,31,14
AACGCTTAACACAGAA-1,31,15
AACGCTTAACAGCAGA-1,31,16
AACGCTTAACCTCCAA-1,31,17
AACGCTTAAACAACCA-1,31,18
AACGCTTAAACCGAGA-1,31,19
AACGCTTAAACGCTTA-1,31,20
AACGCTTAAAGACGGA-1,31,21
AACGCTTAAACGTGAT-1,31,22
AACGCTTAAAACATCG-1,31,23
AACGCTTAATGCCTAA-1,31,24
AACGCTTAAGTGGTCA-1,31,25
AACGCTTAACCACTGT-1,31,26
AACGCTTAACATTGGC-1,31,27
AACGCTTACAGATCTG-1,31,28
AACGCTTACATCAAGT-1,31,29
AACGCTTACGCTGATC-1,31,30
AACGCTTAACAAGCTA-1,31,31
AACGCTTACTGTAGCC-1,31,32
AACGCTTAAGTACAAG-1,31,33
AACGCTTAACGCTCGA-1,31,34
AACGCTTAACGTATCA-1,31,35
AACGCTTAACTATGCA-1,31,36
AACGCTTAAGAGTCAA-1,31,37
AACGCTTAAGATCGCA-1,31,38
AACGCTTAAGCAGGAA-1,31,39
AACGCTTAAGTCACTA-1,31,40
AACGCTTAATCCTGTA-1,31,41
AACGCTTACCGAAGTA-1,31,42
AACGCTTACCGTGAGA-1,31,43
AACGCTTACCTCCTGA-1,31,44
AACGCTTACGAACTTA-1,31,45
AACGCTTACGACTGGA-1,31,46
AACGCTTACGCATACA-1,31,47
AACGCTTACTCAATGA-1,31,48
AACGCTTAGATAGACA-1,31,49
AACGCTTAGCCACATA-1,31,50
AACCGAGACAAGACTA-1,32,1
AACCGAGAGAGCTGAA-1,32,2
AACCGAGACTGAGCCA-1,32,3
AACCGAGACTGGCATA-1,32,4
AACCGAGAGAATCTGA-1,32,5
AACCGAGACACTTCGA-1,32,6
AACCGAGACAGCGTTA-1,32,7
AACCGAGACATACCAA-1,32,8
AACCGAGACCAGTTCA-1,32,9
AACCGAGAATTGAGGA-1,32,10
AACCGAGACAACCACA-1,32,11
AACCGAGAGACTAGTA-1,32,12
AACCGAGACAATGGAA-1,32,13
AACCGAGAAAGGTACA-1,32,14
AACCGAGAACACAGAA-1,32,15
AACCGAGAACAGCAGA-1,32,16
AACCGAGAACCTCCAA-1,32,17
AACCGAGAAACAACCA-1,32,18
AACCGAGAAACCGAGA-1,32,19
AACCGAGAAACGCTTA-1,32,20
AACCGAGAAAGACGGA-1,32,21
AACCGAGAAACGTGAT-1,32,22
AACCGAGAAAACATCG-1,32,23
AACCGAGAATGCCTAA-1,32,24
AACCGAGAAGTGGTCA-1,32,25
AACCGAGAACCACTGT-1,32,26
AACCGAGAACATTGGC-1,32,27
AACCGAGACAGATCTG-1,32,28
AACCGAGACATCAAGT-1,32,29
AACCGAGACGCTGATC-1,32,30
AACCGAGAACAAGCTA-1,32,31
AACCGAGACTGTAGCC-1,32,32
AACCGAGAAGTACAAG-1,32,33
AACCGAGAACGCTCGA-1,32,34
AACCGAGAACGTATCA-1,32,35
AACCGAGAACTATGCA-1,32,36
AACCGAGAAGAGTCAA-1,32,37
AACCGAGAAGATCGCA-1,32,38
AACCGAGAAGCAGGAA-1,32,39
AACCGAGAAGTCACTA-1,32,40
AACCGAGAATCCTGTA-1,32,41
AACCGAGACCGAAGTA-1,32,42
AACCGAGACCGTGAGA-1,32,43
AACCGAGACCTCCTGA-1,32,44
AACCGAGACGAACTTA-1,32,45
AACCGAGACGACTGGA-1,32,46
AACCGAGACGCATACA-1,32,47
AACCGAGACTCAATGA-1,32,48
AACCGAGAGATAGACA-1,32,49
AACCGAGAGCCACATA-1,32,50
AACAACCACAAGACTA-1,33,1
AACAACCAGAGCTGAA-1,33,2
AACAACCACTGAGCCA-1,33,3
AACAACCACTGGCATA-1,33,4
AACAACCAGAATCTGA-1,33,5
AACAACCACACTTCGA-1,33,6
AACAACCACAGCGTTA-1,33,7
AACAACCACATACCAA-1,33,8
AACAACCACCAGTTCA-1,33,9
AACAACCAATTGAGGA-1,33,10
AACAACCACAACCACA-1,33,11
AACAACCAGACTAGTA-1,33,12
AACAACCACAATGGAA-1,33,13
AACAACCAAAGGTACA-1,33,14
AACAACCAACACAGAA-1,33,15
AACAACCAACAGCAGA-1,33,16
AACAACCAACCTCCAA-1,33,17
AACAACCAAACAACCA-1,33,18
AACAACCAAACCGAGA-1,33,19
AACAACCAAACGCTTA-1,33,20
AACAACCAAAGACGGA-1,33,21
AACAACCAAACGTGAT-1,33,22
AACAACCAAAACATCG-1,33,23
AACAACCAATGCCTAA-1,33,24
AACAACCAAGTGGTCA-1,33,25
AACAACCAACCACTGT-1,33,26
AACAACCAACATTGGC-1,33,27
AACAACCACAGATCTG-1,33,28
AACAACCACATCAAGT-1,33,29
AACAACCACGCTGATC-1,33,30
AACAACCAACAAGCTA-1,33,31
AACAACCACTGTAGCC-1,33,32
AACAACCAAGTACAAG-1,33,33
AACAACCAACGCTCGA-1,33,34
AACAACCAACGTATCA-1,33,35
AACAACCAACTATGCA-1,33,36
AACAACCAAGAGTCAA-1,33,37
AACAACCAAGATCGCA-1,33,38
AACAACCAAGCAGGAA-1,33,39
AACAACCAAGTCACTA-1,33,40
AACAACCAATCCTGTA-1,33,41
AACAACCACCGAAGTA-1,33,42
AACAACCACCGTGAGA-1,33,43
AACAACCACCTCCTGA-1,33,44
AACAACCACGAACTTA-1,33,45
AACAACCACGACTGGA-1,33,46
AACAACCACGCATACA-1,33,47
AACAACCACTCAATGA-1,33,48
AACAACCAGATAGACA-1,33,49
AACAACCAGCCACATA-1,33,50
ACCTCCAACAAGACTA-1,34,1
ACCTCCAAGAGCTGAA-1,34,2
ACCTCCAACTGAGCCA-1,34,3
ACCTCCAACTGGCATA-1,34,4
ACCTCCAAGAATCTGA-1,34,5
ACCTCCAACACTTCGA-1,34,6
ACCTCCAACAGCGTTA-1,34,7
ACCTCCAACATACCAA-1,34,8
ACCTCCAACCAGTTCA-1,34,9
ACCTCCAAATTGAGGA-1,34,10
ACCTCCAACAACCACA-1,34,11
ACCTCCAAGACTAGTA-1,34,12
ACCTCCAACAATGGAA-1,34,13
ACCTCCAAAAGGTACA-1,34,14
ACCTCCAAACACAGAA-1,34,15
ACCTCCAAACAGCAGA-1,34,16
ACCTCCAAACCTCCAA-1,34,17
ACCTCCAAAACAACCA-1,34,18
ACCTCCAAAACCGAGA-1,34,19
ACCTCCAAAACGCTTA-1,34,20
ACCTCCAAAAGACGGA-1,34,21
ACCTCCAAAACGTGAT-1,34,22
ACCTCCAAAAACATCG-1,34,23
ACCTCCAAATGCCTAA-1,34,24
ACCTCCAAAGTGGTCA-1,34,25
ACCTCCAAACCACTGT-1,34,26
ACCTCCAAACATTGGC-1,34,27
ACCTCCAACAGATCTG-1,34,28
ACCTCCAACATCAAGT-1,34,29
ACCTCCAACGCTGATC-1,34,30
ACCTCCAAACAAGCTA-1,34,31
ACCTCCAACTGTAGCC-1,34,32
ACCTCCAAAGTACAAG-1,34,33
ACCTCCAAACGCTCGA-1,34,34
ACCTCCAAACGTATCA-1,34,35
ACCTCCAAACTATGCA-1,34,36
ACCTCCAAAGAGTCAA-1,34,37
ACCTCCAAAGATCGCA-1,34,38
ACCTCCAAAGCAGGAA-1,34,39
ACCTCCAAAGTCACTA-1,34,40
ACCTCCAAATCCTGTA-1,34,41
ACCTCCAACCGAAGTA-1,34,42
ACCTCCAACCGTGAGA-1,34,43
ACCTCCAACCTCCTGA-1,34,44
ACCTCCAACGAACTTA-1,34,45
ACCTCCAACGACTGGA-1,34,46
ACCTCCAACGCATACA-1,34,47
ACCTCCAACTCAATGA-1,34,48
ACCTCCAAGATAGACA-1,34,49
ACCTCCAAGCCACATA-1,34,50
ACAGCAGACAAGACTA-1,35,1
ACAGCAGAGAGCTGAA-1,35,2
ACAGCAGACTGAGCCA-1,35,3
ACAGCAGACTGGCATA-1,35,4
ACAGCAGAGAATCTGA-1,35,5
ACAGCAGACACTTCGA-1,35,6
ACAGCAGACAGCGTTA-1,35,7
ACAGCAGACATACCAA-1,35,8
ACAGCAGACCAGTTCA-1,35,9
ACAGCAGAATTGAGGA-1,35,10
ACAGCAGACAACCACA-1,35,11
ACAGCAGAGACTAGTA-1,35,12
ACAGCAGACAATGGAA-1,35,13
ACAGCAGAAAGGTACA-1,35,14
ACAGCAGAACACAGAA-1,35,15
ACAGCAGAACAGCAGA-1,35,16
ACAGCAGAACCTCCAA-1,35,17
ACAGCAGAAACAACCA-1,35,18
ACAGCAGAAACCGAGA-1,35,19
ACAGCAGAAACGCTTA-1,35,20
ACAGCAGAAAGACGGA-1,35,21
ACAGCAGAAACGTGAT-1,35,22
ACAGCAGAAAACATCG-1,35,23
ACAGCAGAATGCCTAA-1,35,24
ACAGCAGAAGTGGTCA-1,35,25
ACAGCAGAACCACTGT-1,35,26
ACAGCAGAACATTGGC-1,35,27
ACAGCAGACAGATCTG-1,35,28
ACAGCAGACATCAAGT-1,35,29
ACAGCAGACGCTGATC-1,35,30
ACAGCAGAACAAGCTA-1,35,31
ACAGCAGACTGTAGCC-1,35,32
ACAGCAGAAGTACAAG-1,35,33
ACAGCAGAACGCTCGA-1,35,34
ACAGCAGAACGTATCA-1,35,35
ACAGCAGAACTATGCA-1,35,36
ACAGCAGAAGAGTCAA-1,35,37
ACAGCAGAAGATCGCA-1,35,38
ACAGCAGAAGCAGGAA-1,35,39
ACAGCAGAAGTCACTA-1,35,40
ACAGCAGAATCCTGTA-1,35,41
ACAGCAGACCGAAGTA-1,35,42
ACAGCAGACCGTGAGA-1,35,43
ACAGCAGACCTCCTGA-1,35,44
ACAGCAGACGAACTTA-1,35,45
ACAGCAGACGACTGGA-1,35,46
ACAGCAGACGCATACA-1,35,47
ACAGCAGACTCAATGA-1,35,48
ACAGCAGAGATAGACA-1,35,49
ACAGCAGAGCCACATA-1,35,50
ACACAGAACAAGACTA-1,36,1
ACACAGAAGAGCTGAA-1,36,2
ACACAGAACTGAGCCA-1,36,3
ACACAGAACTGGCATA-1,36,4
ACACAGAAGAATCTGA-1,36,5
ACACAGAACACTTCGA-1,36,6
ACACAGAACAGCGTTA-1,36,7
ACACAGAACATACCAA-1,36,8
ACACAGAACCAGTTCA-1,36,9
ACACAGAAATTGAGGA-1,36,10
ACACAGAACAACCACA-1,36,11
ACACAGAAGACTAGTA-1,36,12
ACACAGAACAATGGAA-1,36,13
ACACAGAAAAGGTACA-1,36,14
ACACAGAAACACAGAA-1,36,15
ACACAGAAACAGCAGA-1,36,16
ACACAGAAACCTCCAA-1,36,17
ACACAGAAAACAACCA-1,36,18
ACACAGAAAACCGAGA-1,36,19
ACACAGAAAACGCTTA-1,36,20
ACACAGAAAAGACGGA-1,36,21
ACACAGAAAACGTGAT-1,36,22
ACACAGAAAAACATCG-1,36,23
ACACAGAAATGCCTAA-1,36,24
ACACAGAAAGTGGTCA-1,36,25
ACACAGAAACCACTGT-1,36,26
ACACAGAAACATTGGC-1,36,27
ACACAGAACAGATCTG-1,36,28
ACACAGAACATCAAGT-1,36,29
ACACAGAACGCTGATC-1,36,30
ACACAGAAACAAGCTA-1,36,31
ACACAGAACTGTAGCC-1,36,32
ACACAGAAAGTACAAG-1,36,33
ACACAGAAACGCTCGA-1,36,34
ACACAGAAACGTATCA-1,36,35
ACACAGAAACTATGCA-1,36,36
ACACAGAAAGAGTCAA-1,36,37
ACACAGAAAGATCGCA-1,36,38
ACACAGAAAGCAGGAA-1,36,39
ACACAGAAAGTCACTA-1,36,40
ACACAGAAATCCTGTA-1,36,41
ACACAGAACCGAAGTA-1,36,42
ACACAGAACCGTGAGA-1,36,43
ACACAGAACCTCCTGA-1,36,44
ACACAGAACGAACTTA-1,36,45
ACACAGAACGACTGGA-1,36,46
ACACAGAACGCATACA-1,36,47
ACACAGAACTCAATGA-1,36,48
ACACAGAAGATAGACA-1,36,49
ACACAGAAGCCACATA-1,36,50
AAGGTACACAAGACTA-1,37,1
AAGGTACAGAGCTGAA-1,37,2
AAGGTACACTGAGCCA-1,37,3
AAGGTACACTGGCATA-1,37,4
AAGGTACAGAATCTGA-1,37,5
AAGGTACACACTTCGA-1,37,6
AAGGTACACAGCGTTA-1,37,7
AAGGTACACATACCAA-1,37,8
AAGGTACACCAGTTCA-1,37,9
AAGGTACAATTGAGGA-1,37,10
AAGGTACACAACCACA-1,37,11
AAGGTACAGACTAGTA-1,37,12
AAGGTACACAATGGAA-1,37,13
AAGGTACAAAGGTACA-1,37,14
AAGGTACAACACAGAA-1,37,15
AAGGTACAACAGCAGA-1,37,16
AAGGTACAACCTCCAA-1,37,17
AAGGTACAAACAACCA-1,37,18
AAGGTACAAACCGAGA-1,37,19
AAGGTACAAACGCTTA-1,37,20
AAGGTACAAAGACGGA-1,37,21
AAGGTACAAACGTGAT-1,37,22
AAGGTACAAAACATCG-1,37,23
AAGGTACAATGCCTAA-1,37,24
AAGGTACAAGTGGTCA-1,37,25
AAGGTACAACCACTGT-1,37,26
AAGGTACAACATTGGC-1,37,27
AAGGTACACAGATCTG-1,37,28
AAGGTACACATCAAGT-1,37,29
AAGGTACACGCTGATC-1,37,30
AAGGTACAACAAGCTA-1,37,31
AAGGTACACTGTAGCC-1,37,32
AAGGTACAAGTACAAG-1,37,33
AAGGTACAACGCTCGA-1,37,34
AAGGTACAACGTATCA-1,37,35
AAGGTACAACTATGCA-1,37,36
AAGGTACAAGAGTCAA-1,37,37
AAGGTACAAGATCGCA-1,37,38
AAGGTACAAGCAGGAA-1,37,39
AAGGTACAAGTCACTA-1,37,40
AAGGTACAATCCTGTA-1,37,41
AAGGTACACCGAAGTA-1,37,42
AAGGTACACCGTGAGA-1,37,43
AAGGTACACCTCCTGA-1,37,44
AAGGTACACGAACTTA-1,37,45
AAGGTACACGACTGGA-1,37,46
AAGGTACACGCATACA-1,37,47
AAGGTACACTCAATGA-1,37,48
AAGGTACAGATAGACA-1,37,49
AAGGTACAGCCACATA-1,37,50
CAATGGAACAAGACTA-1,38,1
CAATGGAAGAGCTGAA-1,38,2
CAATGGAACTGAGCCA-1,38,3
CAATGGAACTGGCATA-1,38,4
CAATGGAAGAATCTGA-1,38,5
CAATGGAACACTTCGA-1,38,6
CAATGGAACAGCGTTA-1,38,7
CAATGGAACATACCAA-1,38,8
CAATGGAACCAGTTCA-1,38,9
CAATGGAAATTGAGGA-1,38,10
CAATGGAACAACCACA-1,38,11
CAATGGAAGACTAGTA-1,38,12
CAATGGAACAATGGAA-1,38,13
CAATGGAAAAGGTACA-1,38,14
CAATGGAAACACAGAA-1,38,15
CAATGGAAACAGCAGA-1,38,16
CAATGGAAACCTCCAA-1,38,17
CAATGGAAAACAACCA-1,38,18
CAATGGAAAACCGAGA-1,38,19
CAATGGAAAACGCTTA-1,38,20
CAATGGAAAAGACGGA-1,38,21
CAATGGAAAACGTGAT-1,38,22
CAATGGAAAAACATCG-1,38,23
CAATGGAAATGCCTAA-1,38,24
CAATGGAAAGTGGTCA-1,38,25
CAATGGAAACCACTGT-1,38,26
CAATGGAAACATTGGC-1,38,27
CAATGGAACAGATCTG-1,38,28
CAATGGAACATCAAGT-1,38,29
CAATGGAACGCTGATC-1,38,30
CAATGGAAACAAGCTA-1,38,31
CAATGGAACTGTAGCC-1,38,32
CAATGGAAAGTACAAG-1,38,33
CAATGGAAACGCTCGA-1,38,34
CAATGGAAACGTATCA-1,38,35
CAATGGAAACTATGCA-1,38,36
CAATGGAAAGAGTCAA-1,38,37
CAATGGAAAGATCGCA-1,38,38
CAATGGAAAGCAGGAA-1,38,39
CAATGGAAAGTCACTA-1,38,40
CAATGGAAATCCTGTA-1,38,41
CAATGGAACCGAAGTA-1,38,42
CAATGGAACCGTGAGA-1,38,43
CAATGGAACCTCCTGA-1,38,44
CAATGGAACGAACTTA-1,38,45
CAATGGAACGACTGGA-1,38,46
CAATGGAACGCATACA-1,38,47
CAATGGAACTCAATGA-1,38,48
CAATGGAAGATAGACA-1,38,49
CAATGGAAGCCACATA-1,38,50
GACTAGTACAAGACTA-1,39,1
GACTAGTAGAGCTGAA-1,39,2
GACTAGTACTGAGCCA-1,39,3
GACTAGTACTGGCATA-1,39,4
GACTAGTAGAATCTGA-1,39,5
GACTAGTACACTTCGA-1,39,6
GACTAGTACAGCGTTA-1,39,7
GACTAGTACATACCAA-1,39,8
GACTAGTACCAGTTCA-1,39,9
GACTAGTAATTGAGGA-1,39,10
GACTAGTACAACCACA-1,39,11
GACTAGTAGACTAGTA-1,39,12
GACTAGTACAATGGAA-1,39,13
GACTAGTAAAGGTACA-1,39,14
GACTAGTAACACAGAA-1,39,15
GACTAGTAACAGCAGA-1,39,16
GACTAGTAACCTCCAA-1,39,17
GACTAGTAAACAACCA-1,39,18
GACTAGTAAACCGAGA-1,39,19
GACTAGTAAACGCTTA-1,39,20
GACTAGTAAAGACGGA-1,39,21
GACTAGTAAACGTGAT-1,39,22
GACTAGTAAAACATCG-1,39,23
GACTAGTAATGCCTAA-1,39,24
GACTAGTAAGTGGTCA-1,39,25
GACTAGTAACCACTGT-1,39,26
GACTAGTAACATTGGC-1,39,27
GACTAGTACAGATCTG-1,39,28
GACTAGTACATCAAGT-1,39,29
GACTAGTACGCTGATC-1,39,30
GACTAGTAACAAGCTA-1,39,31
GACTAGTACTGTAGCC-1,39,32
GACTAGTAAGTACAAG-1,39,33
GACTAGTAACGCTCGA-1,39,34
GACTAGTAACGTATCA-1,39,35
GACTAGTAACTATGCA-1,39,36
GACTAGTAAGAGTCAA-1,39,37
GACTAGTAAGATCGCA-1,39,38
GACTAGTAAGCAGGAA-1,39,39
GACTAGTAAGTCACTA-1,39,40
GACTAGTAATCCTGTA-1,39,41
GACTAGTACCGAAGTA-1,39,42
GACTAGTACCGTGAGA-1,39,43
GACTAGTACCTCCTGA-1,39,44
GACTAGTACGAACTTA-1,39,45
GACTAGTACGACTGGA-1,39,46
GACTAGTACGCATACA-1,39,47
GACTAGTACTCAATGA-1,39,48
GACTAGTAGATAGACA-1,39,49
GACTAGTAGCCACATA-1,39,50
CAACCACACAAGACTA-1,40,1
CAACCACAGAGCTGAA-1,40,2
CAACCACACTGAGCCA-1,40,3
CAACCACACTGGCATA-1,40,4
CAACCACAGAATCTGA-1,40,5
CAACCACACACTTCGA-1,40,6
CAACCACACAGCGTTA-1,40,7
CAACCACACATACCAA-1,40,8
CAACCACACCAGTTCA-1,40,9
CAACCACAATTGAGGA-1,40,10
CAACCACACAACCACA-1,40,11
CAACCACAGACTAGTA-1,40,12
CAACCACACAATGGAA-1,40,13
CAACCACAAAGGTACA-1,40,14
CAACCACAACACAGAA-1,40,15
CAACCACAACAGCAGA-1,40,16
CAACCACAACCTCCAA-1,40,17
CAACCACAAACAACCA-1,40,18
CAACCACAAACCGAGA-1,40,19
CAACCACAAACGCTTA-1,40,20
CAACCACAAAGACGGA-1,40,21
CAACCACAAACGTGAT-1,40,22
CAACCACAAAACATCG-1,40,23
CAACCACAATGCCTAA-1,40,24
CAACCACAAGTGGTCA-1,40,25
CAACCACAACCACTGT-1,40,26
CAACCACAACATTGGC-1,40,27
CAACCACACAGATCTG-1,40,28
CAACCACACATCAAGT-1,40,29
CAACCACACGCTGATC-1,40,30
CAACCACAACAAGCTA-1,40,31
CAACCACACTGTAGCC-1,40,32
CAACCACAAGTACAAG-1,40,33
CAACCACAACGCTCGA-1,40,34
CAACCACAACGTATCA-1,40,35
CAACCACAACTATGCA-1,40,36
CAACCACAAGAGTCAA-1,40,37
CAACCACAAGATCGCA-1,40,38
CAACCACAAGCAGGAA-1,40,39
CAACCACAAGTCACTA-1,40,40
CAACCACAATCCTGTA-1,40,41
CAACCACACCGAAGTA-1,40,42
CAACCACACCGTGAGA-1,40,43
CAACCACACCTCCTGA-1,40,44
CAACCACACGAACTTA-1,40,45
CAACCACACGACTGGA-1,40,46
CAACCACACGCATACA-1,40,47
CAACCACACTCAATGA-1,40,48
CAACCACAGATAGACA-1,40,49
CAACCACAGCCACATA-1,40,50
ATTGAGGACAAGACTA-1,41,1
ATTGAGGAGAGCTGAA-1,41,2
ATTGAGGACTGAGCCA-1,41,3
ATTGAGGACTGGCATA-1,41,4
ATTGAGGAGAATCTGA-1,41,5
ATTGAGGACACTTCGA-1,41,6
ATTGAGGACAGCGTTA-1,41,7
ATTGAGGACATACCAA-1,41,8
ATTGAGGACCAGTTCA-1,41,9
ATTGAGGAATTGAGGA-1,41,10
ATTGAGGACAACCACA-1,41,11
ATTGAGGAGACTAGTA-1,41,12
ATTGAGGACAATGGAA-1,41,13
ATTGAGGAAAGGTACA-1,41,14
ATTGAGGAACACAGAA-1,41,15
ATTGAGGAACAGCAGA-1,41,16
ATTGAGGAACCTCCAA-1,41,17
ATTGAGGAAACAACCA-1,41,18
ATTGAGGAAACCGAGA-1,41,19
ATTGAGGAAACGCTTA-1,41,20
ATTGAGGAAAGACGGA-1,41,21
ATTGAGGAAACGTGAT-1,41,22
ATTGAGGAAAACATCG-1,41,23
ATTGAGGAATGCCTAA-1,41,24
ATTGAGGAAGTGGTCA-1,41,25
ATTGAGGAACCACTGT-1,41,26
ATTGAGGAACATTGGC-1,41,27
ATTGAGGACAGATCTG-1,41,28
ATTGAGGACATCAAGT-1,41,29
ATTGAGGACGCTGATC-1,41,30
ATTGAGGAACAAGCTA-1,41,31
ATTGAGGACTGTAGCC-1,41,32
ATTGAGGAAGTACAAG-1,41,33
ATTGAGGAACGCTCGA-1,41,34
ATTGAGGAACGTATCA-1,41,35
ATTGAGGAACTATGCA-1,41,36
ATTGAGGAAGAGTCAA-1,41,37
ATTGAGGAAGATCGCA-1,41,38
ATTGAGGAAGCAGGAA-1,41,39
ATTGAGGAAGTCACTA-1,41,40
ATTGAGGAATCCTGTA-1,41,41
ATTGAGGACCGAAGTA-1,41,42
ATTGAGGACCGTGAGA-1,41,43
ATTGAGGACCTCCTGA-1,41,44
ATTGAGGACGAACTTA-1,41,45
ATTGAGGACGACTGGA-1,41,46
ATTGAGGACGCATACA-1,41,47
ATTGAGGACTCAATGA-1,41,48
ATTGAGGAGATAGACA-1,41,49
ATTGAGGAGCCACATA-1,41,50
CCAGTTCACAAGACTA-1,42,1
CCAGTTCAGAGCTGAA-1,42,2
CCAGTTCACTGAGCCA-1,42,3
CCAGTTCACTGGCATA-1,42,4
CCAGTTCAGAATCTGA-1,42,5
CCAGTTCACACTTCGA-1,42,6
CCAGTTCACAGCGTTA-1,42,7
CCAGTTCACATACCAA-1,42,8
CCAGTTCACCAGTTCA-1,42,9
CCAGTTCAATTGAGGA-1,42,10
CCAGTTCACAACCACA-1,42,11
CCAGTTCAGACTAGTA-1,42,12
CCAGTTCACAATGGAA-1,42,13
CCAGTTCAAAGGTACA-1,42,14
CCAGTTCAACACAGAA-1,42,15
CCAGTTCAACAGCAGA-1,42,16
CCAGTTCAACCTCCAA-1,42,17
CCAGTTCAAACAACCA-1,42,18
CCAGTTCAAACCGAGA-1,42,19
CCAGTTCAAACGCTTA-1,42,20
CCAGTTCAAAGACGGA-1,42,21
CCAGTTCAAACGTGAT-1,42,22
CCAGTTCAAAACATCG-1,42,23
CCAGTTCAATGCCTAA-1,42,24
CCAGTTCAAGTGGTCA-1,42,25
CCAGTTCAACCACTGT-1,42,26
CCAGTTCAACATTGGC-1,42,27
CCAGTTCACAGATCTG-1,42,28
CCAGTTCACATCAAGT-1,42,29
CCAGTTCACGCTGATC-1,42,30
CCAGTTCAACAAGCTA-1,42,31
CCAGTTCACTGTAGCC-1,42,32
CCAGTTCAAGTACAAG-1,42,33
CCAGTTCAACGCTCGA-1,42,34
CCAGTTCAACGTATCA-1,42,35
CCAGTTCAACTATGCA-1,42,36
CCAGTTCAAGAGTCAA-1,42,37
CCAGTTCAAGATCGCA-1,42,38
CCAGTTCAAGCAGGAA-1,42,39
CCAGTTCAAGTCACTA-1,42,40
CCAGTTCAATCCTGTA-1,42,41
CCAGTTCACCGAAGTA-1,42,42
CCAGTTCACCGTGAGA-1,42,43
CCAGTTCACCTCCTGA-1,42,44
CCAGTTCACGAACTTA-1,42,45
CCAGTTCACGACTGGA-1,42,46
CCAGTTCACGCATACA-1,42,47
CCAGTTCACTCAATGA-1,42,48
CCAGTTCAGATAGACA-1,42,49
CCAGTTCAGCCACATA-1,42,50
CATACCAACAAGACTA-1,43,1
CATACCAAGAGCTGAA-1,43,2
CATACCAACTGAGCCA-1,43,3
CATACCAACTGGCATA-1,43,4
CATACCAAGAATCTGA-1,43,5
CATACCAACACTTCGA-1,43,6
CATACCAACAGCGTTA-1,43,7
CATACCAACATACCAA-1,43,8
CATACCAACCAGTTCA-1,43,9
CATACCAAATTGAGGA-1,43,10
CATACCAACAACCACA-1,43,11
CATACCAAGACTAGTA-1,43,12
CATACCAACAATGGAA-1,43,13
CATACCAAAAGGTACA-1,43,14
CATACCAAACACAGAA-1,43,15
CATACCAAACAGCAGA-1,43,16
CATACCAAACCTCCAA-1,43,17
CATACCAAAACAACCA-1,43,18
CATACCAAAACCGAGA-1,43,19
CATACCAAAACGCTTA-1,43,20
CATACCAAAAGACGGA-1,43,21
CATACCAAAACGTGAT-1,43,22
CATACCAAAAACATCG-1,43,23
CATACCAAATGCCTAA-1,43,24
CATACCAAAGTGGTCA-1,43,25
CATACCAAACCACTGT-1,43,26
CATACCAAACATTGGC-1,43,27
CATACCAACAGATCTG-1,43,28
CATACCAACATCAAGT-1,43,29
CATACCAACGCTGATC-1,43,30
CATACCAAACAAGCTA-1,43,31
CATACCAACTGTAGCC-1,43,32
CATACCAAAGTACAAG-1,43,33
CATACCAAACGCTCGA-1,43,34
CATACCAAACGTATCA-1,43,35
CATACCAAACTATGCA-1,43,36
CATACCAAAGAGTCAA-1,43,37
CATACCAAAGATCGCA-1,43,38
CATACCAAAGCAGGAA-1,43,39
CATACCAAAGTCACTA-1,43,40
CATACCAAATCCTGTA-1,43,41
CATACCAACCGAAGTA-1,43,42
CATACCAACCGTGAGA-1,43,43
CATACCAACCTCCTGA-1,43,44
CATACCAACGAACTTA-1,43,45
CATACCAACGACTGGA-1,43,46
CATACCAACGCATACA-1,43,47
CATACCAACTCAATGA-1,43,48
CATACCAAGATAGACA-1,43,49
CATACCAAGCCACATA-1,43,50
CAGCGTTACAAGACTA-1,44,1
CAGCGTTAGAGCTGAA-1,44,2
CAGCGTTACTGAGCCA-1,44,3
CAGCGTTACTGGCATA-1,44,4
CAGCGTTAGAATCTGA-1,44,5
CAGCGTTACACTTCGA-1,44,6
CAGCGTTACAGCGTTA-1,44,7
CAGCGTTACATACCAA-1,44,8
CAGCGTTACCAGTTCA-1,44,9
CAGCGTTAATTGAGGA-1,44,10
CAGCGTTACAACCACA-1,44,11
CAGCGTTAGACTAGTA-1,44,12
CAGCGTTACAATGGAA-1,44,13
CAGCGTTAAAGGTACA-1,44,14
CAGCGTTAACACAGAA-1,44,15
CAGCGTTAACAGCAGA-1,44,16
CAGCGTTAACCTCCAA-1,44,17
CAGCGTTAAACAACCA-1,44,18
CAGCGTTAAACCGAGA-1,44,19
CAGCGTTAAACGCTTA-1,44,20
CAGCGTTAAAGACGGA-1,44,21
CAGCGTTAAACGTGAT-1,44,22
CAGCGTTAAAACATCG-1,44,23
CAGCGTTAATGCCTAA-1,44,24
CAGCGTTAAGTGGTCA-1,44,25
CAGCGTTAACCACTGT-1,44,26
CAGCGTTAACATTGGC-1,44,27
CAGCGTTACAGATCTG-1,44,28
CAGCGTTACATCAAGT-1,44,29
CAGCGTTACGCTGATC-1,44,30
CAGCGTTAACAAGCTA-1,44,31
CAGCGTTACTGTAGCC-1,44,32
CAGCGTTAAGTACAAG-1,44,33
CAGCGTTAACGCTCGA-1,44,34
CAGCGTTAACGTATCA-1,44,35
CAGCGTTAACTATGCA-1,44,36
CAGCGTTAAGAGTCAA-1,44,37
CAGCGTTAAGATCGCA-1,44,38
CAGCGTTAAGCAGGAA-1,44,39
CAGCGTTAAGTCACTA-1,44,40
CAGCGTTAATCCTGTA-1,44,41
CAGCGTTACCGAAGTA-1,44,42
CAGCGTTACCGTGAGA-1,44,43
CAGCGTTACCTCCTGA-1,44,44
CAGCGTTACGAACTTA-1,44,45
CAGCGTTACGACTGGA-1,44,46
CAGCGTTACGCATACA-1,44,47
CAGCGTTACTCAATGA-1,44,48
CAGCGTTAGATAGACA-1,44,49
CAGCGTTAGCCACATA-1,44,50
CACTTCGACAAGACTA-1,45,1
CACTTCGAGAGCTGAA-1,45,2
CACTTCGACTGAGCCA-1,45,3
CACTTCGACTGGCATA-1,45,4
CACTTCGAGAATCTGA-1,45,5
CACTTCGACACTTCGA-1,45,6
CACTTCGACAGCGTTA-1,45,7
CACTTCGACATACCAA-1,45,8
CACTTCGACCAGTTCA-1,45,9
CACTTCGAATTGAGGA-1,45,10
CACTTCGACAACCACA-1,45,11
CACTTCGAGACTAGTA-1,45,12
CACTTCGACAATGGAA-1,45,13
CACTTCGAAAGGTACA-1,45,14
CACTTCGAACACAGAA-1,45,15
CACTTCGAACAGCAGA-1,45,16
CACTTCGAACCTCCAA-1,45,17
CACTTCGAAACAACCA-1,45,18
CACTTCGAAACCGAGA-1,45,19
CACTTCGAAACGCTTA-1,45,20
CACTTCGAAAGACGGA-1,45,21
CACTTCGAAACGTGAT-1,45,22
CACTTCGAAAACATCG-1,45,23
CACTTCGAATGCCTAA-1,45,24
CACTTCGAAGTGGTCA-1,45,25
CACTTCGAACCACTGT-1,45,26
CACTTCGAACATTGGC-1,45,27
CACTTCGACAGATCTG-1,45,28
CACTTCGACATCAAGT-1,45,29
CACTTCGACGCTGATC-1,45,30
CACTTCGAACAAGCTA-1,45,31
CACTTCGACTGTAGCC-1,45,32
CACTTCGAAGTACAAG-1,45,33
CACTTCGAACGCTCGA-1,45,34
CACTTCGAACGTATCA-1,45,35
CACTTCGAACTATGCA-1,45,36
CACTTCGAAGAGTCAA-1,45,37
CACTTCGAAGATCGCA-1,45,38
CACTTCGAAGCAGGAA-1,45,39
CACTTCGAAGTCACTA-1,45,40
CACTTCGAATCCTGTA-1,45,41
CACTTCGACCGAAGTA-1,45,42
CACTTCGACCGTGAGA-1,45,43
CACTTCGACCTCCTGA-1,45,44
CACTTCGACGAACTTA-1,45,45
CACTTCGACGACTGGA-1,45,46
CACTTCGACGCATACA-1,45,47
CACTTCGACTCAATGA-1,45,48
CACTTCGAGATAGACA-1,45,49
CACTTCGAGCCACATA-1,45,50
GAATCTGACAAGACTA-1,46,1
GAATCTGAGAGCTGAA-1,46,2
GAATCTGACTGAGCCA-1,46,3
GAATCTGACTGGCATA-1,46,4
GAATCTGAGAATCTGA-1,46,5
GAATCTGACACTTCGA-1,46,6
GAATCTGACAGCGTTA-1,46,7
GAATCTGACATACCAA-1,46,8
GAATCTGACCAGTTCA-1,46,9
GAATCTGAATTGAGGA-1,46,10
GAATCTGACAACCACA-1,46,11
GAATCTGAGACTAGTA-1,46,12
GAATCTGACAATGGAA-1,46,13
GAATCTGAAAGGTACA-1,46,14
GAATCTGAACACAGAA-1,46,15
GAATCTGAACAGCAGA-1,46,16
GAATCTGAACCTCCAA-1,46,17
GAATCTGAAACAACCA-1,46,18
GAATCTGAAACCGAGA-1,46,19
GAATCTGAAACGCTTA-1,46,20
GAATCTGAAAGACGGA-1,46,21
GAATCTGAAACGTGAT-1,46,22
GAATCTGAAAACATCG-1,46,23
GAATCTGAATGCCTAA-1,46,24
GAATCTGAAGTGGTCA-1,46,25
GAATCTGAACCACTGT-1,46,26
GAATCTGAACATTGGC-1,46,27
GAATCTGACAGATCTG-1,46,28
GAATCTGACATCAAGT-1,46,29
GAATCTGACGCTGATC-1,46,30
GAATCTGAACAAGCTA-1,46,31
GAATCTGACTGTAGCC-1,46,32
GAATCTGAAGTACAAG-1,46,33
GAATCTGAACGCTCGA-1,46,34
GAATCTGAACGTATCA-1,46,35
GAATCTGAACTATGCA-1,46,36
GAATCTGAAGAGTCAA-1,46,37
GAATCTGAAGATCGCA-1,46,38
GAATCTGAAGCAGGAA-1,46,39
GAATCTGAAGTCACTA-1,46,40
GAATCTGAATCCTGTA-1,46,41
GAATCTGACCGAAGTA-1,46,42
GAATCTGACCGTGAGA-1,46,43
GAATCTGACCTCCTGA-1,46,44
GAATCTGACGAACTTA-1,46,45
GAATCTGACGACTGGA-1,46,46
GAATCTGACGCATACA-1,46,47
GAATCTGACTCAATGA-1,46,48
GAATCTGAGATAGACA-1,46,49
GAATCTGAGCCACATA-1,46,50
CTGGCATACAAGACTA-1,47,1
CTGGCATAGAGCTGAA-1,47,2
CTGGCATACTGAGCCA-1,47,3
CTGGCATACTGGCATA-1,47,4
CTGGCATAGAATCTGA-1,47,5
CTGGCATACACTTCGA-1,47,6
CTGGCATACAGCGTTA-1,47,7
CTGGCATACATACCAA-1,47,8
CTGGCATACCAGTTCA-1,47,9
CTGGCATAATTGAGGA-1,47,10
CTGGCATACAACCACA-1,47,11
CTGGCATAGACTAGTA-1,47,12
CTGGCATACAATGGAA-1,47,13
CTGGCATAAAGGTACA-1,47,14
CTGGCATAACACAGAA-1,47,15
CTGGCATAACAGCAGA-1,47,16
CTGGCATAACCTCCAA-1,47,17
CTGGCATAAACAACCA-1,47,18
CTGGCATAAACCGAGA-1,47,19
CTGGCATAAACGCTTA-1,47,20
CTGGCATAAAGACGGA-1,47,21
CTGGCATAAACGTGAT-1,47,22
CTGGCATAAAACATCG-1,47,23
CTGGCATAATGCCTAA-1,47,24
CTGGCATAAGTGGTCA-1,47,25
CTGGCATAACCACTGT-1,47,26
CTGGCATAACATTGGC-1,47,27
CTGGCATACAGATCTG-1,47,28
CTGGCATACATCAAGT-1,47,29
CTGGCATACGCTGATC-1,47,30
CTGGCATAACAAGCTA-1,47,31
CTGGCATACTGTAGCC-1,47,32
CTGGCATAAGTACAAG-1,47,33
CTGGCATAACGCTCGA-1,47,34
CTGGCATAACGTATCA-1,47,35
CTGGCATAACTATGCA-1,47,36
CTGGCATAAGAGTCAA-1,47,37
CTGGCATAAGATCGCA-1,47,38
CTGGCATAAGCAGGAA-1,47,39
CTGGCATAAGTCACTA-1,47,40
CTGGCATAATCCTGTA-1,47,41
CTGGCATACCGAAGTA-1,47,42
CTGGCATACCGTGAGA-1,47,43
CTGGCATACCTCCTGA-1,47,44
CTGGCATACGAACTTA-1,47,45
CTGGCATACGACTGGA-1,47,46
CTGGCATACGCATACA-1,47,47
CTGGCATACTCAATGA-1,47,48
CTGGCATAGATAGACA-1,47,49
CTGGCATAGCCACATA-1,47,50
CTGAGCCACAAGACTA-1,48,1
CTGAGCCAGAGCTGAA-1,48,2
CTGAGCCACTGAGCCA-1,48,3
CTGAGCCACTGGCATA-1,48,4
CTGAGCCAGAATCTGA-1,48,5
CTGAGCCACACTTCGA-1,48,6
CTGAGCCACAGCGTTA-1,48,7
CTGAGCCACATACCAA-1,48,8
CTGAGCCACCAGTTCA-1,48,9
CTGAGCCAATTGAGGA-1,48,10
CTGAGCCACAACCACA-1,48,11
CTGAGCCAGACTAGTA-1,48,12
CTGAGCCACAATGGAA-1,48,13
CTGAGCCAAAGGTACA-1,48,14
CTGAGCCAACACAGAA-1,48,15
CTGAGCCAACAGCAGA-1,48,16
CTGAGCCAACCTCCAA-1,48,17
CTGAGCCAAACAACCA-1,48,18
CTGAGCCAAACCGAGA-1,48,19
CTGAGCCAAACGCTTA-1,48,20
CTGAGCCAAAGACGGA-1,48,21
CTGAGCCAAACGTGAT-1,48,22
CTGAGCCAAAACATCG-1,48,23
CTGAGCCAATGCCTAA-1,48,24
CTGAGCCAAGTGGTCA-1,48,25
CTGAGCCAACCACTGT-1,48,26
CTGAGCCAACATTGGC-1,48,27
CTGAGCCACAGATCTG-1,48,28
CTGAGCCACATCAAGT-1,48,29
CTGAGCCACGCTGATC-1,48,30
CTGAGCCAACAAGCTA-1,48,31
CTGAGCCACTGTAGCC-1,48,32
CTGAGCCAAGTACAAG-1,48,33
CTGAGCCAACGCTCGA-1,48,34
CTGAGCCAACGTATCA-1,48,35
CTGAGCCAACTATGCA-1,48,36
CTGAGCCAAGAGTCAA-1,48,37
CTGAGCCAAGATCGCA-1,48,38
CTGAGCCAAGCAGGAA-1,48,39
CTGAGCCAAGTCACTA-1,48,40
CTGAGCCAATCCTGTA-1,48,41
CTGAGCCACCGAAGTA-1,48,42
CTGAGCCACCGTGAGA-1,48,43
CTGAGCCACCTCCTGA-1,48,44
CTGAGCCACGAACTTA-1,48,45
CTGAGCCACGACTGGA-1,48,46
CTGAGCCACGCATACA-1,48,47
CTGAGCCACTCAATGA-1,48,48
CTGAGCCAGATAGACA-1,48,49
CTGAGCCAGCCACATA-1,48,50
GAGCTGAACAAGACTA-1,49,1
GAGCTGAAGAGCTGAA-1,49,2
GAGCTGAACTGAGCCA-1,49,3
GAGCTGAACTGGCATA-1,49,4
GAGCTGAAGAATCTGA-1,49,5
GAGCTGAACACTTCGA-1,49,6
GAGCTGAACAGCGTTA-1,49,7
GAGCTGAACATACCAA-1,49,8
GAGCTGAACCAGTTCA-1,49,9
GAGCTGAAATTGAGGA-1,49,10
GAGCTGAACAACCACA-1,49,11
GAGCTGAAGACTAGTA-1,49,12
GAGCTGAACAATGGAA-1,49,13
GAGCTGAAAAGGTACA-1,49,14
GAGCTGAAACACAGAA-1,49,15
GAGCTGAAACAGCAGA-1,49,16
GAGCTGAAACCTCCAA-1,49,17
GAGCTGAAAACAACCA-1,49,18
GAGCTGAAAACCGAGA-1,49,19
GAGCTGAAAACGCTTA-1,49,20
GAGCTGAAAAGACGGA-1,49,21
GAGCTGAAAACGTGAT-1,49,22
GAGCTGAAAAACATCG-1,49,23
GAGCTGAAATGCCTAA-1,49,24
GAGCTGAAAGTGGTCA-1,49,25
GAGCTGAAACCACTGT-1,49,26
GAGCTGAAACATTGGC-1,49,27
GAGCTGAACAGATCTG-1,49,28
GAGCTGAACATCAAGT-1,49,29
GAGCTGAACGCTGATC-1,49,30
GAGCTGAAACAAGCTA-1,49,31
GAGCTGAACTGTAGCC-1,49,32
GAGCTGAAAGTACAAG-1,49,33
GAGCTGAAACGCTCGA-1,49,34
GAGCTGAAACGTATCA-1,49,35
GAGCTGAAACTATGCA-1,49,36
GAGCTGAAAGAGTCAA-1,49,37
GAGCTGAAAGATCGCA-1,49,38
GAGCTGAAAGCAGGAA-1,49,39
GAGCTGAAAGTCACTA-1,49,40
GAGCTGAAATCCTGTA-1,49,41
GAGCTGAACCGAAGTA-1,49,42
GAGCTGAACCGTGAGA-1,49,43
GAGCTGAACCTCCTGA-1,49,44
GAGCTGAACGAACTTA-1,49,45
GAGCTGAACGACTGGA-1,49,46
GAGCTGAACGCATACA-1,49,47
GAGCTGAACTCAATGA-1,49,48
GAGCTGAAGATAGACA-1,49,49
GAGCTGAAGCCACATA-1,49,50
CAAGACTACAAGACTA-1,50,1
CAAGACTAGAGCTGAA-1,50,2
CAAGACTACTGAGCCA-1,50,3
CAAGACTACTGGCATA-1,50,4
CAAGACTAGAATCTGA-1,50,5
CAAGACTACACTTCGA-1,50,6
CAAGACTACAGCGTTA-1,50,7
CAAGACTACATACCAA-1,50,8
CAAGACTACCAGTTCA-1,50,9
CAAGACTAATTGAGGA-1,50,10
CAAGACTACAACCACA-1,50,11
CAAGACTAGACTAGTA-1,50,12
CAAGACTACAATGGAA-1,50,13
CAAGACTAAAGGTACA-1,50,14
CAAGACTAACACAGAA-1,50,15
CAAGACTAACAGCAGA-1,50,16
CAAGACTAACCTCCAA-1,50,17
CAAGACTAAACAACCA-1,50,18
CAAGACTAAACCGAGA-1,50,19
CAAGACTAAACGCTTA-1,50,20
CAAGACTAAAGACGGA-1,50,21
CAAGACTAAACGTGAT-1,50,22
CAAGACTAAAACATCG-1,50,23
CAAGACTAATGCCTAA-1,50,24
CAAGACTAAGTGGTCA-1,50,25
CAAGACTAACCACTGT-1,50,26
CAAGACTAACATTGGC-1,50,27
CAAGACTACAGATCTG-1,50,28
CAAGACTACATCAAGT-1,50,29
CAAGACTACGCTGATC-1,50,30
CAAGACTAACAAGCTA-1,50,31
CAAGACTACTGTAGCC-1,50,32
CAAGACTAAGTACAAG-1,50,33
CAAGACTAACGCTCGA-1,50,34
CAAGACTAACGTATCA-1,50,35
CAAGACTAACTATGCA-1,50,36
CAAGACTAAGAGTCAA-1,50,37
CAAGACTAAGATCGCA-1,50,38
CAAGACTAAGCAGGAA-1,50,39
CAAGACTAAGTCACTA-1,50,40
CAAGACTAATCCTGTA-1,50,41
CAAGACTACCGAAGTA-1,50,42
CAAGACTACCGTGAGA-1,50,43
CAAGACTACCTCCTGA-1,50,44
CAAGACTACGAACTTA-1,50,45
CAAGACTACGACTGGA-1,50,46
CAAGACTACGCATACA-1,50,47
CAAGACTACTCAATGA-1,50,48
CAAGACTAGATAGACA-1,50,49
CAAGACTAGCCACATA-1,50,50
